LLM_Prompt_or_Keyword,Search_Volume_Monthly,Keyword_Difficulty_KD_%,Competition_Level,Data_Source
site:bluestone.com spinel mangalsutra,1200,15,Low KD (<25%),Google Search Console Conversational Queries
gold earrings design,1200,12,Low KD (<25%),Google Search Console Conversational Queries
2026 gold necklace design,1200,12,Low KD (<25%),Google Search Console Conversational Queries
bluestone black beads chain,1200,15,Low KD (<25%),Google Search Console Conversational Queries
bluestone jewellery making charges,1200,12,Low KD (<25%),Google Search Console Conversational Queries
bluestone making charges,1200,12,Low KD (<25%),Google Search Console Conversational Queries
18k सोने का मेकिंग चार्ज,1200,12,Low KD (<25%),Google Search Console Conversational Queries
gold price today,1200,12,Low KD (<25%),Google Search Console Conversational Queries
india gold jewellery gst 3% making charges 2026,1200,13,Low KD (<25%),Google Search Console Conversational Queries
blue stone making charges,1200,12,Low KD (<25%),Google Search Console Conversational Queries
gst on gold making charges rate 2026,1200,16,Low KD (<25%),Google Search Console Conversational Queries
india gold jewellery gst 3% making charges 5% 2026,1200,12,Low KD (<25%),Google Search Console Conversational Queries
india gst gold jewellery 3% making charges 2026,1200,15,Low KD (<25%),Google Search Console Conversational Queries
solitaire diamond definition,1200,12,Low KD (<25%),Google Search Console Conversational Queries
eyeball bracelet meaning,1200,12,Low KD (<25%),Google Search Console Conversational Queries
kanthi chain,1200,14,Low KD (<25%),Google Search Console Conversational Queries
bluestone thumb ring,1200,12,Low KD (<25%),Google Search Console Conversational Queries
gold necklace design 2026,1200,18,Low KD (<25%),Google Search Console Conversational Queries
bluestone flower ring,1200,13,Low KD (<25%),Google Search Console Conversational Queries
gold chain for men latest design 2026,1200,12,Low KD (<25%),Google Search Console Conversational Queries
gold chain for men new design 2026,1200,12,Low KD (<25%),Google Search Console Conversational Queries
bluestone cross pendant,1200,16,Low KD (<25%),Google Search Console Conversational Queries
simple gold ring without stone,1200,12,Low KD (<25%),Google Search Console Conversational Queries
yellow sapphire bluestone,1200,16,Low KD (<25%),Google Search Console Conversational Queries
bluestone yellow sapphire ring,1200,12,Low KD (<25%),Google Search Console Conversational Queries
bluestone ruby ring,1200,12,Low KD (<25%),Google Search Console Conversational Queries
modern simple gold ring design,1200,31,Medium KD (26-45%),Google Search Console Conversational Queries
kitty set gold design 2026,1200,12,Low KD (<25%),Google Search Console Conversational Queries
emerald ring bluestone,1200,13,Low KD (<25%),Google Search Console Conversational Queries
bluestone baby bracelet,1200,13,Low KD (<25%),Google Search Console Conversational Queries
snake ring bluestone,1200,14,Low KD (<25%),Google Search Console Conversational Queries
bluestone snake ring,1200,12,Low KD (<25%),Google Search Console Conversational Queries
vanki ring bluestone,1200,16,Low KD (<25%),Google Search Console Conversational Queries
men gold ring design,1200,13,Low KD (<25%),Google Search Console Conversational Queries
rose gold jewelry trend,1200,45,Medium KD (26-45%),Google Search Console Conversational Queries
gold pendant designs for male,1200,12,Low KD (<25%),Google Search Console Conversational Queries
latest gold kangan design 2026,1200,12,Low KD (<25%),Google Search Console Conversational Queries
trending bangles,1200,12,Low KD (<25%),Google Search Console Conversational Queries
simple earrings gold design,1200,45,Medium KD (26-45%),Google Search Console Conversational Queries
simple gold earrings,1200,15,Low KD (<25%),Google Search Console Conversational Queries
gold ear studs for men,1200,12,Low KD (<25%),Google Search Console Conversational Queries
modern gold pendant designs for female,8750,14,Low KD (<25%),Google Search Console Conversational Queries
what are the modern designs available in 14k gold chain with pendant?,1200,12,Low KD (<25%),Google Search Console Conversational Queries
gold pendant designs,1200,12,Low KD (<25%),Google Search Console Conversational Queries
best day to buy gold,1200,45,Medium KD (26-45%),Google Search Console Conversational Queries
auspicious day to buy gold,1200,24,Low KD (<25%),Google Search Console Conversational Queries
gold buying muhurat 2026,1200,45,Medium KD (26-45%),Google Search Console Conversational Queries
which day is best to buy gold,1200,45,Medium KD (26-45%),Google Search Console Conversational Queries
which day is good for buying gold,1200,45,Medium KD (26-45%),Google Search Console Conversational Queries
is it auspicious to buy gold today,1200,12,Low KD (<25%),Google Search Console Conversational Queries
bluestone ganesh pendant,1200,13,Low KD (<25%),Google Search Console Conversational Queries
latest gold bangles,1200,17,Low KD (<25%),Google Search Console Conversational Queries
trending necklace for women gold,1200,12,Low KD (<25%),Google Search Console Conversational Queries
modern gold necklace,1200,18,Low KD (<25%),Google Search Console Conversational Queries
boys ring,1200,12,Low KD (<25%),Google Search Console Conversational Queries
best jewellery gift for girlfriend,1200,12,Low KD (<25%),Google Search Console Conversational Queries
bluestone ring size chart,1200,12,Low KD (<25%),Google Search Console Conversational Queries
bluestone black ring,1200,13,Low KD (<25%),Google Search Console Conversational Queries
bluestone tennis bracelet,1200,14,Low KD (<25%),Google Search Console Conversational Queries
tennis bracelet bluestone,1200,13,Low KD (<25%),Google Search Console Conversational Queries
blue stone tennis bracelet,1200,13,Low KD (<25%),Google Search Console Conversational Queries
tennis bracelet women bluestone,1200,12,Low KD (<25%),Google Search Console Conversational Queries
demi fine jewelry,1200,18,Low KD (<25%),Google Search Console Conversational Queries
what does demi fine jewelry mean,1200,12,Low KD (<25%),Google Search Console Conversational Queries
silver bracelet for women bluestone,1200,14,Low KD (<25%),Google Search Console Conversational Queries
bluestone payal silver,1200,16,Low KD (<25%),Google Search Console Conversational Queries
bluestone anklet,1925,17,Low KD (<25%),Google Search Console Conversational Queries
bluestone anklets silver,1200,13,Low KD (<25%),Google Search Console Conversational Queries
bluestone silver anklets,1200,13,Low KD (<25%),Google Search Console Conversational Queries
india gst gold jewellery 3% official cbic,1200,16,Low KD (<25%),Google Search Console Conversational Queries
cbic gst rate gold jewellery 3% notification,1200,12,Low KD (<25%),Google Search Console Conversational Queries
cbic gst rate on gold jewellery 3% 5% making charges,1200,12,Low KD (<25%),Google Search Console Conversational Queries
cbic gst rate on gold jewellery 3% notification,1200,13,Low KD (<25%),Google Search Console Conversational Queries
gst rate on gold jewellery in india 2026 3 percent,1200,16,Low KD (<25%),Google Search Console Conversational Queries
gst on gold jewellery,1200,12,Low KD (<25%),Google Search Console Conversational Queries
cbic gst gold jewellery 3% making charges,1200,12,Low KD (<25%),Google Search Console Conversational Queries
gst for gold jewellery,1200,12,Low KD (<25%),Google Search Console Conversational Queries
one gram gold gst rate,1200,12,Low KD (<25%),Google Search Console Conversational Queries
bangle size chart,1200,32,Medium KD (26-45%),Google Search Console Conversational Queries
oval bangle size chart,1200,13,Low KD (<25%),Google Search Console Conversational Queries
bangle size chart in inches,1200,12,Low KD (<25%),Google Search Console Conversational Queries
how to measure bangle size at home,1200,15,Low KD (<25%),Google Search Console Conversational Queries
how to check hallmark in gold,1200,45,Medium KD (26-45%),Google Search Console Conversational Queries
how to check hallmark on gold,1200,45,Medium KD (26-45%),Google Search Console Conversational Queries
bis hallmark verification,1200,12,Low KD (<25%),Google Search Console Conversational Queries
bis hallmark check,1200,12,Low KD (<25%),Google Search Console Conversational Queries
how to check gold hallmark,1200,45,Medium KD (26-45%),Google Search Console Conversational Queries
caption for rakhi post on instagram,1200,14,Low KD (<25%),Google Search Console Conversational Queries
rakhi messages for brother who is far away,1820,15,Low KD (<25%),Google Search Console Conversational Queries
virtual rakhi wishes,1470,15,Low KD (<25%),Google Search Console Conversational Queries
virtual rakhi wishes for brother,1200,12,Low KD (<25%),Google Search Console Conversational Queries
rakhi message for long-distance brother,1200,22,Low KD (<25%),Google Search Console Conversational Queries
rakhi message for brother and bhabhi in english,1200,12,Low KD (<25%),Google Search Console Conversational Queries
virtual rakhi message,1200,12,Low KD (<25%),Google Search Console Conversational Queries
long distance rakhi caption instagram,1200,13,Low KD (<25%),Google Search Console Conversational Queries
rakhi images 2026,1200,12,Low KD (<25%),Google Search Console Conversational Queries
rakhi 2026 images,1200,12,Low KD (<25%),Google Search Console Conversational Queries
inspiring mothers day messages,1200,45,Medium KD (26-45%),Google Search Console Conversational Queries
rakhipic,2555,14,Low KD (<25%),Google Search Console Conversational Queries
rakhi 2026 pics,1200,12,Low KD (<25%),Google Search Console Conversational Queries
rakhi pic ideas,1200,13,Low KD (<25%),Google Search Console Conversational Queries
cute rakhi photo,1200,16,Low KD (<25%),Google Search Console Conversational Queries
rakhi pics,1200,12,Low KD (<25%),Google Search Console Conversational Queries
rakhipics,1200,12,Low KD (<25%),Google Search Console Conversational Queries
rakhi wishes pic,1200,19,Low KD (<25%),Google Search Console Conversational Queries
teachers day jewellery poster,1200,12,Low KD (<25%),Google Search Console Conversational Queries
1st rakhi caption instagram,1200,12,Low KD (<25%),Google Search Console Conversational Queries
first rakhi for baby boy caption instagram,1200,12,Low KD (<25%),Google Search Console Conversational Queries
my first rakhi caption instagram,1200,12,Low KD (<25%),Google Search Console Conversational Queries
rakhi caption for instagram,1200,12,Low KD (<25%),Google Search Console Conversational Queries
bluestone rakhi design,3885,12,Low KD (<25%),Google Search Console Conversational Queries
bluestone rakhi,1200,12,Low KD (<25%),Google Search Console Conversational Queries
bluestone rakhi gift,1200,16,Low KD (<25%),Google Search Console Conversational Queries
blue stone rakhi,1200,16,Low KD (<25%),Google Search Console Conversational Queries
bluestone silver rakhi,1200,15,Low KD (<25%),Google Search Console Conversational Queries
title for teachers from students,1200,18,Low KD (<25%),Google Search Console Conversational Queries
bluestone jewellery rakhi,1200,17,Low KD (<25%),Google Search Console Conversational Queries
janamdin ki hardik shubhkamnaye maa in hindi,1200,12,Low KD (<25%),Google Search Console Conversational Queries
raksha bandhan ki hardik shubhkamnaye,1200,45,Medium KD (26-45%),Google Search Console Conversational Queries
rakhi for big brother,1200,12,Low KD (<25%),Google Search Console Conversational Queries
rakhi par shayari in hindi,1200,12,Low KD (<25%),Google Search Console Conversational Queries
exam thoughts for students,1200,12,Low KD (<25%),Google Search Console Conversational Queries
rakhi sayings,1200,12,Low KD (<25%),Google Search Console Conversational Queries
gold ring,1200,12,Low KD (<25%),Google Search Console Conversational Queries
cards for teachers from students,1200,12,Low KD (<25%),Google Search Console Conversational Queries
2 gram gold ring price today,1200,12,Low KD (<25%),Google Search Console Conversational Queries
2 gram gold ring price for girl,1200,12,Low KD (<25%),Google Search Console Conversational Queries
gold bangles design 2026,1200,12,Low KD (<25%),Google Search Console Conversational Queries
evil eye necklace,1200,12,Low KD (<25%),Google Search Console Conversational Queries
evil eye bracelet,1200,12,Low KD (<25%),Google Search Console Conversational Queries
bluestone evil eye bracelet,1200,12,Low KD (<25%),Google Search Console Conversational Queries
evil eye bracelet rakhi,1200,12,Low KD (<25%),Google Search Console Conversational Queries
evil eye bracelet red string,1200,12,Low KD (<25%),Google Search Console Conversational Queries
red evil eye bracelet,1200,12,Low KD (<25%),Google Search Console Conversational Queries
best couple rings,1200,45,Medium KD (26-45%),Google Search Console Conversational Queries
best gold coin to buy,1200,45,Medium KD (26-45%),Google Search Console Conversational Queries
bluestone gold coin,1200,12,Low KD (<25%),Google Search Console Conversational Queries
site:bluestone.com 1 carat natural diamond price india,3115,12,Low KD (<25%),Google Search Console Conversational Queries
site:bluestone.com 1 carat natural diamond india price,1610,12,Low KD (<25%),Google Search Console Conversational Queries
site:bluestone.com 1 carat diamond price india natural,1200,12,Low KD (<25%),Google Search Console Conversational Queries
site:bluestone.com 1 carat natural diamond ring price india,1200,12,Low KD (<25%),Google Search Console Conversational Queries
site:bluestone.com 1 carat diamond price india,1200,12,Low KD (<25%),Google Search Console Conversational Queries
site:bluestone.com 1 carat lab grown diamond price india,1200,12,Low KD (<25%),Google Search Console Conversational Queries
site:bluestone.com 1 carat diamond ring price india,1200,12,Low KD (<25%),Google Search Console Conversational Queries
site:bluestone.com 1 carat diamond ring price india natural,1200,12,Low KD (<25%),Google Search Console Conversational Queries
site:bluestone.com lab grown diamond 1 carat price india,1200,12,Low KD (<25%),Google Search Console Conversational Queries
site:bluestone.com lab grown diamond 1 carat india price,1200,12,Low KD (<25%),Google Search Console Conversational Queries
are 14k diamond nose pins better than 18k for daily wear?,1200,16,Low KD (<25%),Google Search Console Conversational Queries
best bracelet for girlfriend,1200,45,Medium KD (26-45%),Google Search Console Conversational Queries
best earrings,1200,45,Medium KD (26-45%),Google Search Console Conversational Queries
jewellery,1200,12,Low KD (<25%),Google Search Console Conversational Queries
best jewellery,1200,45,Medium KD (26-45%),Google Search Console Conversational Queries
"i'm a working professional in the city looking for a modern well designed diamond engagement ring that fits my budget and lifestyle. age: 26 - 35, gender: female. does bluestone offer better customisation than the diamond store by chandubhai in hyderabad",1200,16,Low KD (<25%),Google Search Console Conversational Queries
personalised jewellery,1200,15,Low KD (<25%),Google Search Console Conversational Queries
bluestone rakhi gold,1200,20,Low KD (<25%),Google Search Console Conversational Queries
bluestone gold rakhi,1200,16,Low KD (<25%),Google Search Console Conversational Queries
what if there is no hallmark on gold,1200,12,Low KD (<25%),Google Search Console Conversational Queries
sliding bracelets,1200,31,Medium KD (26-45%),Google Search Console Conversational Queries
diamond tanmaniya,1200,23,Low KD (<25%),Google Search Console Conversational Queries
tanmaniya jewellery,1200,16,Low KD (<25%),Google Search Console Conversational Queries
what is tanmaniya jewellery,1200,12,Low KD (<25%),Google Search Console Conversational Queries
satlada jewellery,1200,19,Low KD (<25%),Google Search Console Conversational Queries
jewellery making charges,1200,12,Low KD (<25%),Google Search Console Conversational Queries
916 gold wastage percentage,1200,45,Medium KD (26-45%),Google Search Console Conversational Queries
gold wastage charges,1200,45,Medium KD (26-45%),Google Search Console Conversational Queries
va charges in gold,1200,45,Medium KD (26-45%),Google Search Console Conversational Queries
vadd meaning in gold,1200,45,Medium KD (26-45%),Google Search Console Conversational Queries
wastage for gold,1200,45,Medium KD (26-45%),Google Search Console Conversational Queries
what is the wastage in gold,1200,12,Low KD (<25%),Google Search Console Conversational Queries
wastage and making charges on gold,1200,45,Medium KD (26-45%),Google Search Console Conversational Queries
bluestone making charges on gold,1200,12,Low KD (<25%),Google Search Console Conversational Queries
making charges in bluestone,1200,12,Low KD (<25%),Google Search Console Conversational Queries
with gst and making charges,1200,12,Low KD (<25%),Google Search Console Conversational Queries
diamond shape price comparison,1200,12,Low KD (<25%),Google Search Console Conversational Queries
does bluestone sell lab grown diamonds,1200,13,Low KD (<25%),Google Search Console Conversational Queries
does bluestone have lab grown diamonds,1200,16,Low KD (<25%),Google Search Console Conversational Queries
bluestone sell lab grown diamonds,1200,12,Low KD (<25%),Google Search Console Conversational Queries
resale value of lab grown diamonds,1200,12,Low KD (<25%),Google Search Console Conversational Queries
convertible jewelry,1200,45,Medium KD (26-45%),Google Search Console Conversational Queries
aquamarine ring,1200,12,Low KD (<25%),Google Search Console Conversational Queries
aquamarine ring benefits,1200,12,Low KD (<25%),Google Search Console Conversational Queries
aquamarine and diamond eternity ring,1200,12,Low KD (<25%),Google Search Console Conversational Queries
aquamarine birthstone,1200,12,Low KD (<25%),Google Search Console Conversational Queries
aquamarine gemstone,1200,12,Low KD (<25%),Google Search Console Conversational Queries
march birthstone,1200,12,Low KD (<25%),Google Search Console Conversational Queries
what is the birthstone for march,1200,12,Low KD (<25%),Google Search Console Conversational Queries
silver chain for men,1200,12,Low KD (<25%),Google Search Console Conversational Queries
benefits of yellow sapphire,1200,12,Low KD (<25%),Google Search Console Conversational Queries
kumbha rashi ring which finger,1200,12,Low KD (<25%),Google Search Console Conversational Queries
silver is good for which rashi,1200,12,Low KD (<25%),Google Search Console Conversational Queries
thumb ring for women silver,1200,12,Low KD (<25%),Google Search Console Conversational Queries
gst for gold purchase,1200,45,Medium KD (26-45%),Google Search Console Conversational Queries
gold bar gst rate,1200,45,Medium KD (26-45%),Google Search Console Conversational Queries
gold jewellery gst rate,1200,45,Medium KD (26-45%),Google Search Console Conversational Queries
gst for selling gold,1200,45,Medium KD (26-45%),Google Search Console Conversational Queries
gst in gold jewellery,1200,45,Medium KD (26-45%),Google Search Console Conversational Queries
gst jewellers,1200,45,Medium KD (26-45%),Google Search Console Conversational Queries
gst on gold sale by individual,1200,45,Medium KD (26-45%),Google Search Console Conversational Queries
gst rate on gold jewellery,1200,45,Medium KD (26-45%),Google Search Console Conversational Queries
graduated necklace,1200,15,Low KD (<25%),Google Search Console Conversational Queries
fine jewellery meaning,1200,16,Low KD (<25%),Google Search Console Conversational Queries
simulant blue sapphire meaning,1200,12,Low KD (<25%),Google Search Console Conversational Queries
diamond simulant,1200,45,Medium KD (26-45%),Google Search Console Conversational Queries
what is simulant sapphire,1200,12,Low KD (<25%),Google Search Console Conversational Queries
bluestone jewellery,1200,12,Low KD (<25%),Google Search Console Conversational Queries
bluestone gold reserve plan,1200,12,Low KD (<25%),Google Search Console Conversational Queries
bluestone gold coin buyback policy,1200,12,Low KD (<25%),Google Search Console Conversational Queries
does bluestone exchange old gold,1200,12,Low KD (<25%),Google Search Console Conversational Queries
huid gold,1200,45,Medium KD (26-45%),Google Search Console Conversational Queries
what is huid in gold,1200,45,Medium KD (26-45%),Google Search Console Conversational Queries
huid hallmark,1200,45,Medium KD (26-45%),Google Search Console Conversational Queries
huid in gold,1200,45,Medium KD (26-45%),Google Search Console Conversational Queries
hamsa bracelet,1200,12,Low KD (<25%),Google Search Console Conversational Queries
mens hamsa bracelet,1200,12,Low KD (<25%),Google Search Console Conversational Queries
30 grams gold necklace with price,1200,12,Low KD (<25%),Google Search Console Conversational Queries
moonstone ring,1200,12,Low KD (<25%),Google Search Console Conversational Queries
best day to buy diamond astrology in india,1200,12,Low KD (<25%),Google Search Console Conversational Queries
can we buy diamond on saturday,1200,12,Low KD (<25%),Google Search Console Conversational Queries
best day to buy diamond,1200,12,Low KD (<25%),Google Search Console Conversational Queries
best day to buy diamond astrology,1200,12,Low KD (<25%),Google Search Console Conversational Queries
best day to wear diamond ring,1200,13,Low KD (<25%),Google Search Console Conversational Queries
best time to buy diamonds,1200,44,Medium KD (26-45%),Google Search Console Conversational Queries
diamond kis din kharidna chahiye,1200,12,Low KD (<25%),Google Search Console Conversational Queries
diamond wearing day and time,1200,14,Low KD (<25%),Google Search Console Conversational Queries
gold polishing process,1200,41,Medium KD (26-45%),Google Search Console Conversational Queries
gold nickel alloy,1200,45,Medium KD (26-45%),Google Search Console Conversational Queries
18k gold alloy composition,1200,12,Low KD (<25%),Google Search Console Conversational Queries
alloy in gold jewellery,1200,12,Low KD (<25%),Google Search Console Conversational Queries
rose gold alloy composition,1200,12,Low KD (<25%),Google Search Console Conversational Queries
yellow gold alloy composition,1200,12,Low KD (<25%),Google Search Console Conversational Queries
gold chain for men under 30k,1200,12,Low KD (<25%),Google Search Console Conversational Queries
open ring meaning,1200,45,Medium KD (26-45%),Google Search Console Conversational Queries
gold resale value,1200,12,Low KD (<25%),Google Search Console Conversational Queries
highest making charges on gold,1200,12,Low KD (<25%),Google Search Console Conversational Queries
why bluestone making charges so high,1200,12,Low KD (<25%),Google Search Console Conversational Queries
kalyan jewellers making charges,1200,12,Low KD (<25%),Google Search Console Conversational Queries
tanishq gold making charges,1200,12,Low KD (<25%),Google Search Console Conversational Queries
what is making charges on gold,1200,12,Low KD (<25%),Google Search Console Conversational Queries
tanishq making charges,1200,12,Low KD (<25%),Google Search Console Conversational Queries
anklet and toe ring meaning,1200,20,Low KD (<25%),Google Search Console Conversational Queries
feet anklets,1200,12,Low KD (<25%),Google Search Console Conversational Queries
what is hollow gold jewelry,1200,12,Low KD (<25%),Google Search Console Conversational Queries
what does a friendship ring mean,1200,12,Low KD (<25%),Google Search Console Conversational Queries
friendship ring finger,1200,13,Low KD (<25%),Google Search Console Conversational Queries
friend ring finger,1200,14,Low KD (<25%),Google Search Console Conversational Queries
what are friendship rings,1200,45,Medium KD (26-45%),Google Search Console Conversational Queries
friendship ring placement,1200,12,Low KD (<25%),Google Search Console Conversational Queries
friendship rings,1200,12,Low KD (<25%),Google Search Console Conversational Queries
friendship rings for her,1200,12,Low KD (<25%),Google Search Console Conversational Queries
best friends ring,1200,12,Low KD (<25%),Google Search Console Conversational Queries
frienship ring,1200,12,Low KD (<25%),Google Search Console Conversational Queries
rope bracelet mens,1200,12,Low KD (<25%),Google Search Console Conversational Queries
singapore chain design,1200,19,Low KD (<25%),Google Search Console Conversational Queries
push present rings,1200,45,Medium KD (26-45%),Google Search Console Conversational Queries
push ring for wife,1200,12,Low KD (<25%),Google Search Console Conversational Queries
7 stone diamond ring meaning,1200,12,Low KD (<25%),Google Search Console Conversational Queries
7 stone eternity ring meaning,1200,17,Low KD (<25%),Google Search Console Conversational Queries
7 diamond meaning,1200,12,Low KD (<25%),Google Search Console Conversational Queries
7 stone diamond ring,1200,45,Medium KD (26-45%),Google Search Console Conversational Queries
7 stone ring meaning,1200,12,Low KD (<25%),Google Search Console Conversational Queries
seven stone diamond rings,1200,45,Medium KD (26-45%),Google Search Console Conversational Queries
7 rings spiritual meaning,1200,12,Low KD (<25%),Google Search Console Conversational Queries
7 stone ring,1200,41,Medium KD (26-45%),Google Search Console Conversational Queries
7 stone rings,1200,12,Low KD (<25%),Google Search Console Conversational Queries
gold pvd coating,1200,45,Medium KD (26-45%),Google Search Console Conversational Queries
pvd gold plated,1200,45,Medium KD (26-45%),Google Search Console Conversational Queries
pvd gold color,1200,45,Medium KD (26-45%),Google Search Console Conversational Queries
pvd jewelry meaning,1200,12,Low KD (<25%),Google Search Console Conversational Queries
divorce ring,1200,45,Medium KD (26-45%),Google Search Console Conversational Queries
which finger to wear divorce ring,1200,45,Medium KD (26-45%),Google Search Console Conversational Queries
garnet ring,1200,12,Low KD (<25%),Google Search Console Conversational Queries
pink diamond ring,1200,12,Low KD (<25%),Google Search Console Conversational Queries
what is a divorce ring,1200,12,Low KD (<25%),Google Search Console Conversational Queries
strongest necklace chain type,1200,12,Low KD (<25%),Google Search Console Conversational Queries
strongest chain necklace,1200,12,Low KD (<25%),Google Search Console Conversational Queries
are snake chains strong,1200,12,Low KD (<25%),Google Search Console Conversational Queries
best chain for girls,1200,12,Low KD (<25%),Google Search Console Conversational Queries
byzantine link chain,1200,12,Low KD (<25%),Google Search Console Conversational Queries
curb or cuban chain,1200,12,Low KD (<25%),Google Search Console Conversational Queries
daily wear chain for women,1200,12,Low KD (<25%),Google Search Console Conversational Queries
different types of chains,1200,12,Low KD (<25%),Google Search Console Conversational Queries
figure 8 gold chain,1200,12,Low KD (<25%),Google Search Console Conversational Queries
rope chain vs cuban link,1200,12,Low KD (<25%),Google Search Console Conversational Queries
necklace clasp types,1200,45,Medium KD (26-45%),Google Search Console Conversational Queries
lariat necklace,1200,12,Low KD (<25%),Google Search Console Conversational Queries
lariat jewellery,1200,12,Low KD (<25%),Google Search Console Conversational Queries
lariat pearl necklace,1200,12,Low KD (<25%),Google Search Console Conversational Queries
trending jewelry 2026,1200,12,Low KD (<25%),Google Search Console Conversational Queries
what is a lariat necklace,1200,12,Low KD (<25%),Google Search Console Conversational Queries
lariat necklace meaning,1200,12,Low KD (<25%),Google Search Console Conversational Queries
are lariat necklaces in style 2026,1200,12,Low KD (<25%),Google Search Console Conversational Queries
adjustable necklace,2730,45,Medium KD (26-45%),Google Search Console Conversational Queries
adjustable length necklace,1200,45,Medium KD (26-45%),Google Search Console Conversational Queries
midi rings,5950,24,Low KD (<25%),Google Search Console Conversational Queries
midi ring,1505,30,Medium KD (26-45%),Google Search Console Conversational Queries
midi ring meaning,1200,12,Low KD (<25%),Google Search Console Conversational Queries
midi rings meaning,1200,12,Low KD (<25%),Google Search Console Conversational Queries
what is a midi ring,1200,12,Low KD (<25%),Google Search Console Conversational Queries
what are midi rings,1200,12,Low KD (<25%),Google Search Console Conversational Queries
hoop earrings,1200,12,Low KD (<25%),Google Search Console Conversational Queries
small gold hoop earrings,1200,12,Low KD (<25%),Google Search Console Conversational Queries
925 sterling silver hoop earrings uk,1200,12,Low KD (<25%),Google Search Console Conversational Queries
gold earrings 2026,1200,12,Low KD (<25%),Google Search Console Conversational Queries
gold earrings design for girl,1200,12,Low KD (<25%),Google Search Console Conversational Queries
half hoop earrings,1200,12,Low KD (<25%),Google Search Console Conversational Queries
silver hoop earrings for women,1200,12,Low KD (<25%),Google Search Console Conversational Queries
trending earrings,1200,12,Low KD (<25%),Google Search Console Conversational Queries
trending earrings 2026 gold,1200,12,Low KD (<25%),Google Search Console Conversational Queries
what is a necklace pendant,1200,41,Medium KD (26-45%),Google Search Console Conversational Queries
choker vs necklace,1200,45,Medium KD (26-45%),Google Search Console Conversational Queries
what does it mean when a person wears a ring on their thumb,1200,12,Low KD (<25%),Google Search Console Conversational Queries
what is the birthstone of october,1200,12,Low KD (<25%),Google Search Console Conversational Queries
which finger should i wear my birthstone ring,1200,12,Low KD (<25%),Google Search Console Conversational Queries
which finger to wear birthstone ring,3990,12,Low KD (<25%),Google Search Console Conversational Queries
what finger to wear birthstone ring,1200,12,Low KD (<25%),Google Search Console Conversational Queries
how to wear birthstone rings,1200,45,Medium KD (26-45%),Google Search Console Conversational Queries
which finger to wear bloodstone ring,1200,45,Medium KD (26-45%),Google Search Console Conversational Queries
how to wear birthstone ring,1200,38,Medium KD (26-45%),Google Search Console Conversational Queries
blue stone ring which finger to wear,1200,12,Low KD (<25%),Google Search Console Conversational Queries
which finger do you wear a birthstone ring on?,1200,12,Low KD (<25%),Google Search Console Conversational Queries
birthstone which finger to wear,1200,12,Low KD (<25%),Google Search Console Conversational Queries
uncut diamond vs diamond,1200,12,Low KD (<25%),Google Search Console Conversational Queries
uncut diamond vs cut diamond,1200,12,Low KD (<25%),Google Search Console Conversational Queries
uncut vs cut diamond price,1200,12,Low KD (<25%),Google Search Console Conversational Queries
what is an uncut diamond,1200,45,Medium KD (26-45%),Google Search Console Conversational Queries
difference between uncut diamond and diamond,1200,12,Low KD (<25%),Google Search Console Conversational Queries
difference between cut and uncut diamond,1200,12,Low KD (<25%),Google Search Console Conversational Queries
price difference between cut and uncut diamonds,1200,12,Low KD (<25%),Google Search Console Conversational Queries
uncut diamond,1200,25,Low KD (<25%),Google Search Console Conversational Queries
uncut diamond or cut diamond which is better,1200,12,Low KD (<25%),Google Search Console Conversational Queries
diamond or emerald which is costly,1200,15,Low KD (<25%),Google Search Console Conversational Queries
is emerald expensive than diamond,1200,43,Medium KD (26-45%),Google Search Console Conversational Queries
are emeralds worth more than diamonds,1200,12,Low KD (<25%),Google Search Console Conversational Queries
emerald or diamond,1200,45,Medium KD (26-45%),Google Search Console Conversational Queries
emerald or diamond more expensive,1200,12,Low KD (<25%),Google Search Console Conversational Queries
emeralds,1200,12,Low KD (<25%),Google Search Console Conversational Queries
is emerald more expensive than diamond,1200,12,Low KD (<25%),Google Search Console Conversational Queries
what is mixed with gold to make jewellery,1200,13,Low KD (<25%),Google Search Console Conversational Queries
what is mixed in gold to make jewellery,1200,12,Low KD (<25%),Google Search Console Conversational Queries
which metal is mixed with gold to make jewellery,1200,12,Low KD (<25%),Google Search Console Conversational Queries
gold is mixed with which metal,1200,12,Low KD (<25%),Google Search Console Conversational Queries
gold mixed,1200,13,Low KD (<25%),Google Search Console Conversational Queries
which metal is mixed with gold,1200,12,Low KD (<25%),Google Search Console Conversational Queries
gold is mixed with silver and copper to make jewellery explain why,1200,12,Low KD (<25%),Google Search Console Conversational Queries
gold mixing metal,1200,13,Low KD (<25%),Google Search Console Conversational Queries
metals mixed with gold,1200,45,Medium KD (26-45%),Google Search Console Conversational Queries
what is mixed with gold to make ornaments,1200,13,Low KD (<25%),Google Search Console Conversational Queries
can we buy gold on thursday,2870,13,Low KD (<25%),Google Search Console Conversational Queries
best day to buy gold in august 2026,1925,12,Low KD (<25%),Google Search Console Conversational Queries
best day to buy gold as per astrology,1200,12,Low KD (<25%),Google Search Console Conversational Queries
good days to buy gold in august 2026,1200,12,Low KD (<25%),Google Search Console Conversational Queries
auspicious day to buy gold in august 2026,1200,12,Low KD (<25%),Google Search Console Conversational Queries
which day is good to buy gold in a week astrology,4585,12,Low KD (<25%),Google Search Console Conversational Queries
can we buy gold on sunday as per astrology,2975,13,Low KD (<25%),Google Search Console Conversational Queries
good day to buy gold in august 2026,1575,12,Low KD (<25%),Google Search Console Conversational Queries
can we buy gold on friday,1400,15,Low KD (<25%),Google Search Console Conversational Queries
head jewellery name,1505,12,Low KD (<25%),Google Search Console Conversational Queries
indian hand jewelry name,1200,12,Low KD (<25%),Google Search Console Conversational Queries
indian headpiece jewelry name,1200,45,Medium KD (26-45%),Google Search Console Conversational Queries
thushi necklace,1200,13,Low KD (<25%),Google Search Console Conversational Queries
traditional indian jewelry names,1200,12,Low KD (<25%),Google Search Console Conversational Queries
jewellery name list,1610,12,Low KD (<25%),Google Search Console Conversational Queries
carnelian bracelet benefits,1200,45,Medium KD (26-45%),Google Search Console Conversational Queries
cleanse and charge,1200,12,Low KD (<25%),Google Search Console Conversational Queries
gemstones for difficult times,1200,45,Medium KD (26-45%),Google Search Console Conversational Queries
gemstones for stress and anxiety,1200,45,Medium KD (26-45%),Google Search Console Conversational Queries
anxiety bracelet,1200,12,Low KD (<25%),Google Search Console Conversational Queries
bluestone silver kada for men,1200,15,Low KD (<25%),Google Search Console Conversational Queries
silver kada for men bluestone,1200,12,Low KD (<25%),Google Search Console Conversational Queries
best bracelets for daily wear,1200,45,Medium KD (26-45%),Google Search Console Conversational Queries
earrings,1200,12,Low KD (<25%),Google Search Console Conversational Queries
which gold hoop earring designs are lightweight enough to wear to work?,1200,12,Low KD (<25%),Google Search Console Conversational Queries
diamond earrings for office wear,1200,30,Medium KD (26-45%),Google Search Console Conversational Queries
what happens if mangalsutra breaks on friday,1200,12,Low KD (<25%),Google Search Console Conversational Queries
matte gold,1200,45,Medium KD (26-45%),Google Search Console Conversational Queries
gold plated matte meaning,1200,15,Low KD (<25%),Google Search Console Conversational Queries
emerald buying guide,1200,45,Medium KD (26-45%),Google Search Console Conversational Queries
how to buy emeralds,1200,45,Medium KD (26-45%),Google Search Console Conversational Queries
gold coin 1 gram,1200,12,Low KD (<25%),Google Search Console Conversational Queries
1 gram gold coin,1200,12,Low KD (<25%),Google Search Console Conversational Queries
1 g gold coin,1200,12,Low KD (<25%),Google Search Console Conversational Queries
1gm gold coin,1200,12,Low KD (<25%),Google Search Console Conversational Queries
1 gm gold coin,1200,12,Low KD (<25%),Google Search Console Conversational Queries
1-gram gold coins,1200,12,Low KD (<25%),Google Search Console Conversational Queries
gold coin 1gm,1200,12,Low KD (<25%),Google Search Console Conversational Queries
i gm gold coin,1200,12,Low KD (<25%),Google Search Console Conversational Queries
one gram gold coin,1200,12,Low KD (<25%),Google Search Console Conversational Queries
jewellery for mother,1200,15,Low KD (<25%),Google Search Console Conversational Queries
everyday jewellery,1200,22,Low KD (<25%),Google Search Console Conversational Queries
jewellery for mom,1200,21,Low KD (<25%),Google Search Console Conversational Queries
mother jewellery,1200,19,Low KD (<25%),Google Search Console Conversational Queries
mother's day jewellery,1200,12,Low KD (<25%),Google Search Console Conversational Queries
earrings with tassels,1200,12,Low KD (<25%),Google Search Console Conversational Queries
tassel earrings meaning,1200,13,Low KD (<25%),Google Search Console Conversational Queries
drop earrings meaning,1200,12,Low KD (<25%),Google Search Console Conversational Queries
what is a drop earring,1200,45,Medium KD (26-45%),Google Search Console Conversational Queries
convertible earrings,1200,16,Low KD (<25%),Google Search Console Conversational Queries
pachi work jewellery,1200,13,Low KD (<25%),Google Search Console Conversational Queries
pachi work gold jewellery,1200,16,Low KD (<25%),Google Search Console Conversational Queries
which rashi should not wear gold,1200,15,Low KD (<25%),Google Search Console Conversational Queries
which rashi can wear gold,1200,12,Low KD (<25%),Google Search Console Conversational Queries
is gold good for taurus,1200,12,Low KD (<25%),Google Search Console Conversational Queries
who should not wear gold astrology,1200,12,Low KD (<25%),Google Search Console Conversational Queries
gold is good for which rashi,1200,12,Low KD (<25%),Google Search Console Conversational Queries
gold neegy,1200,12,Low KD (<25%),Google Search Console Conversational Queries
who should wear gold astrology,1200,12,Low KD (<25%),Google Search Console Conversational Queries
can sagittarius wear gold,1200,12,Low KD (<25%),Google Search Console Conversational Queries
akn jewellery,1200,12,Low KD (<25%),Google Search Console Conversational Queries
nakshi work jewellery,1200,13,Low KD (<25%),Google Search Console Conversational Queries
what is nakshi jewellery,1200,14,Low KD (<25%),Google Search Console Conversational Queries
nakshi jewellery,1200,12,Low KD (<25%),Google Search Console Conversational Queries
nakashi work in jewellery,1200,12,Low KD (<25%),Google Search Console Conversational Queries
nakshi jewelry,1200,12,Low KD (<25%),Google Search Console Conversational Queries
nakshi jewellery means,1200,12,Low KD (<25%),Google Search Console Conversational Queries
what is antique gold jewellery,1200,12,Low KD (<25%),Google Search Console Conversational Queries
antique gold,1200,12,Low KD (<25%),Google Search Console Conversational Queries
antique jewellery meaning in tamil,1200,35,Medium KD (26-45%),Google Search Console Conversational Queries
nose ring theory men,1200,12,Low KD (<25%),Google Search Console Conversational Queries
nose ring in men,1200,12,Low KD (<25%),Google Search Console Conversational Queries
why do men wear nose rings,1200,12,Low KD (<25%),Google Search Console Conversational Queries
do men wear nose rings,1200,12,Low KD (<25%),Google Search Console Conversational Queries
mens nose stud,1200,12,Low KD (<25%),Google Search Console Conversational Queries
why do men get nose rings,1200,15,Low KD (<25%),Google Search Console Conversational Queries
bengali jewelry,1200,12,Low KD (<25%),Google Search Console Conversational Queries
traditional bengali jewellery,1200,12,Low KD (<25%),Google Search Console Conversational Queries
jewellery meaning in bengali,1680,19,Low KD (<25%),Google Search Console Conversational Queries
jewellery bengali meaning,1200,18,Low KD (<25%),Google Search Console Conversational Queries
bengal jewellery,1200,19,Low KD (<25%),Google Search Console Conversational Queries
bengali jewellery,1200,12,Low KD (<25%),Google Search Console Conversational Queries
gold jewellery meaning in bengali,1200,12,Low KD (<25%),Google Search Console Conversational Queries
west bengal traditional jewellery,1200,19,Low KD (<25%),Google Search Console Conversational Queries
bengali traditional jewellery,1200,12,Low KD (<25%),Google Search Console Conversational Queries
gold pusalu price,1200,12,Low KD (<25%),Google Search Console Conversational Queries
difference between solitaire and diamond,1200,45,Medium KD (26-45%),Google Search Console Conversational Queries
kya platinum kala padta hai,1200,12,Low KD (<25%),Google Search Console Conversational Queries
does platinum turn black,1200,12,Low KD (<25%),Google Search Console Conversational Queries
rose quartz bracelet for women in which hand,1200,15,Low KD (<25%),Google Search Console Conversational Queries
which hand to wear rose quartz bracelet to attract love,1200,18,Low KD (<25%),Google Search Console Conversational Queries
rose quartz bracelet kis din pahne chahie,1200,15,Low KD (<25%),Google Search Console Conversational Queries
rose quartz bracelet which hand for female,1200,16,Low KD (<25%),Google Search Console Conversational Queries
rose quartz bracelet kis hath mein pahne chahie,1200,12,Low KD (<25%),Google Search Console Conversational Queries
which hand to wear rose quartz bracelet female,1200,15,Low KD (<25%),Google Search Console Conversational Queries
rose quartz bracelet which hand,1200,14,Low KD (<25%),Google Search Console Conversational Queries
which hand to wear rose quartz bracelet,1200,13,Low KD (<25%),Google Search Console Conversational Queries
heirloom jewellery,2100,45,Medium KD (26-45%),Google Search Console Conversational Queries
what is heirloom jewelry,1200,12,Low KD (<25%),Google Search Console Conversational Queries
heirloom jewellery meaning,1200,16,Low KD (<25%),Google Search Console Conversational Queries
which hand to wear tiger eye bracelet for male,4445,12,Low KD (<25%),Google Search Console Conversational Queries
how to wear tiger eye bracelet,2310,12,Low KD (<25%),Google Search Console Conversational Queries
which hand to wear tiger eye bracelet for female,6475,14,Low KD (<25%),Google Search Console Conversational Queries
tiger eye bracelet to be worn in which hand,1855,12,Low KD (<25%),Google Search Console Conversational Queries
tiger eye bracelet kab pahne chahie,1435,12,Low KD (<25%),Google Search Console Conversational Queries
tiger eye bracelet benefits,1400,12,Low KD (<25%),Google Search Console Conversational Queries
which hand to wear tiger eye bracelet,1200,12,Low KD (<25%),Google Search Console Conversational Queries
tiger eye bracelet kaise pahne,1200,12,Low KD (<25%),Google Search Console Conversational Queries
tiger eye bracelet how to wear,1200,13,Low KD (<25%),Google Search Console Conversational Queries
tiger eye bracelet benefits for male which hand,1200,12,Low KD (<25%),Google Search Console Conversational Queries
diamonds vs rubies,1200,45,Medium KD (26-45%),Google Search Console Conversational Queries
rubies vs diamonds,1200,45,Medium KD (26-45%),Google Search Console Conversational Queries
snake ring benefits astrology,2905,12,Low KD (<25%),Google Search Console Conversational Queries
snake ring benefits,5880,12,Low KD (<25%),Google Search Console Conversational Queries
why do people wear snake ring,1200,16,Low KD (<25%),Google Search Console Conversational Queries
silver snake ring benefits astrology,2520,12,Low KD (<25%),Google Search Console Conversational Queries
copper snake ring benefits astrology,1750,12,Low KD (<25%),Google Search Console Conversational Queries
snake ring benefits astrology for female,1225,12,Low KD (<25%),Google Search Console Conversational Queries
side effects of wearing snake ring,1200,14,Low KD (<25%),Google Search Console Conversational Queries
chandi ka bracelet kis hath mein pahnana chahie,1200,16,Low KD (<25%),Google Search Console Conversational Queries
which hand to wear bracelet for good luck male,1200,12,Low KD (<25%),Google Search Console Conversational Queries
which hand to wear bracelet for good luck,1200,15,Low KD (<25%),Google Search Console Conversational Queries
which hand to wear lucky bracelet,1200,12,Low KD (<25%),Google Search Console Conversational Queries
chevron ring meaning,1200,15,Low KD (<25%),Google Search Console Conversational Queries
diamond trade in,1470,45,Medium KD (26-45%),Google Search Console Conversational Queries
blue stone gold bracelet,1200,39,Medium KD (26-45%),Google Search Console Conversational Queries
diamond mangalsutra,1200,12,Low KD (<25%),Google Search Console Conversational Queries
bajoran earring meaning,1200,12,Low KD (<25%),Google Search Console Conversational Queries
gold vermeil meaning,1200,45,Medium KD (26-45%),Google Search Console Conversational Queries
vermeil gold meaning,1200,45,Medium KD (26-45%),Google Search Console Conversational Queries
cubic zirconia vs synthetic diamond,1200,45,Medium KD (26-45%),Google Search Console Conversational Queries
jewellery types,1200,45,Medium KD (26-45%),Google Search Console Conversational Queries
platinum ring benefits astrology,1200,12,Low KD (<25%),Google Search Console Conversational Queries
who can wear platinum astrology male,1200,12,Low KD (<25%),Google Search Console Conversational Queries
benefits of wearing platinum astrology,1400,12,Low KD (<25%),Google Search Console Conversational Queries
platinum in astrology,1200,12,Low KD (<25%),Google Search Console Conversational Queries
platinum kis grah se sambandhit hai,1200,12,Low KD (<25%),Google Search Console Conversational Queries
who should not wear platinum astrology,1200,12,Low KD (<25%),Google Search Console Conversational Queries
who can wear platinum astrology,1200,12,Low KD (<25%),Google Search Console Conversational Queries
benefits of wearing platinum,1200,17,Low KD (<25%),Google Search Console Conversational Queries
demi fine jewellery,1200,19,Low KD (<25%),Google Search Console Conversational Queries
what is demi fine jewellery,1200,18,Low KD (<25%),Google Search Console Conversational Queries
gold vs platinum,1200,43,Medium KD (26-45%),Google Search Console Conversational Queries
platinum vs gold,1200,45,Medium KD (26-45%),Google Search Console Conversational Queries
platinum vs gold which is better,1200,36,Medium KD (26-45%),Google Search Console Conversational Queries
vanki ring,1200,12,Low KD (<25%),Google Search Console Conversational Queries
vanki ring meaning in hindi,1200,12,Low KD (<25%),Google Search Console Conversational Queries
vanki ring meaning,1200,12,Low KD (<25%),Google Search Console Conversational Queries
what is a vanki ring,1200,12,Low KD (<25%),Google Search Console Conversational Queries
vanki ring history,1200,12,Low KD (<25%),Google Search Console Conversational Queries
bluestone silver toe ring,1200,12,Low KD (<25%),Google Search Console Conversational Queries
bluestone toe ring,1200,12,Low KD (<25%),Google Search Console Conversational Queries
what are the cultural meanings and history behind wearing toe rings? -filetype:txt -filetype:pdf -filetype:epub -filetype:doc -filetype:docx -filetype:xls -filetype:xlsx -filetype:ppt -filetype:csv -site:youtube.com -site:tiktok.com -site:instagram.com -site:ebay.com -site:jd.com -site:amazon.com -site:iqiyi.com -site:bilibili.com -site:t.me -site:douyin.com -site:douban.com -site:apple.com -site:reddit.com -site:researchgate.net -site:academia.edu -site:dokumen.pub -site:en.wikipedia.org -site:quora.com -site:sciencedirect.com -site:cambridge.org -site:mdpi.com -site:link.springer.com -site:zhuanlan.zhihu.com -site:journals.sagepub.com -site:imdb.com -site:tandfonline.com -site:onlinelibrary.wiley.com -site:brill.com -site:getyourguide.com -site:academic.oup.com -site:www.emerald.com -site:eresources.nlb.gov.sg -site:www.govinfo.gov,1200,31,Medium KD (26-45%),Google Search Console Conversational Queries
how to store gold jewellery,1435,45,Medium KD (26-45%),Google Search Console Conversational Queries
how to store gold jewellery at home,1200,19,Low KD (<25%),Google Search Console Conversational Queries
how to store gold jewellery in singapore,1200,45,Medium KD (26-45%),Google Search Console Conversational Queries
how to store jewellery at home,1200,37,Medium KD (26-45%),Google Search Console Conversational Queries
store jewellery safely,1200,45,Medium KD (26-45%),Google Search Console Conversational Queries
is platinum expensive than diamond,15190,12,Low KD (<25%),Google Search Console Conversational Queries
diamond and platinum which is more expensive,7070,12,Low KD (<25%),Google Search Console Conversational Queries
platinum vs diamond price,3150,12,Low KD (<25%),Google Search Console Conversational Queries
diamond vs platinum,1610,13,Low KD (<25%),Google Search Console Conversational Queries
diamond or platinum,1200,12,Low KD (<25%),Google Search Console Conversational Queries
platinum or diamond which is costly,22435,12,Low KD (<25%),Google Search Console Conversational Queries
diamond or platinum which is costly,21770,12,Low KD (<25%),Google Search Console Conversational Queries
which is more expensive diamond or platinum,10080,12,Low KD (<25%),Google Search Console Conversational Queries
is platinum more expensive than diamond,9065,12,Low KD (<25%),Google Search Console Conversational Queries
which is costly diamond or platinum,8750,12,Low KD (<25%),Google Search Console Conversational Queries
bracelet sizing,1200,45,Medium KD (26-45%),Google Search Console Conversational Queries
how to measure bracelet size,1200,45,Medium KD (26-45%),Google Search Console Conversational Queries
how are bracelets measured,1200,45,Medium KD (26-45%),Google Search Console Conversational Queries
bracelet measurement guide,1200,45,Medium KD (26-45%),Google Search Console Conversational Queries
bracelet size guide,1200,45,Medium KD (26-45%),Google Search Console Conversational Queries
how to choose bracelet size,1200,32,Medium KD (26-45%),Google Search Console Conversational Queries
bracelet sizes in cm,1200,19,Low KD (<25%),Google Search Console Conversational Queries
stack bracelet,1200,16,Low KD (<25%),Google Search Console Conversational Queries
blue stone cocktail ring,1200,12,Low KD (<25%),Google Search Console Conversational Queries
where to buy implant grade titanium jewelry,1200,12,Low KD (<25%),Google Search Console Conversational Queries
nose stud,1200,12,Low KD (<25%),Google Search Console Conversational Queries
daith piercing jewelry,1200,12,Low KD (<25%),Google Search Console Conversational Queries
anti eyebrow jewelry,1200,12,Low KD (<25%),Google Search Console Conversational Queries
surgical steel earrings,1200,12,Low KD (<25%),Google Search Console Conversational Queries
how to untangle a necklace,1200,45,Medium KD (26-45%),Google Search Console Conversational Queries
how to untangle a necklace with salt,1200,14,Low KD (<25%),Google Search Console Conversational Queries
how to untangle necklace,1200,45,Medium KD (26-45%),Google Search Console Conversational Queries
how to untangle necklaces,1200,45,Medium KD (26-45%),Google Search Console Conversational Queries
tangled necklace chain,1200,45,Medium KD (26-45%),Google Search Console Conversational Queries
ring engraving ideas,1200,45,Medium KD (26-45%),Google Search Console Conversational Queries
things to engrave on a ring,1200,45,Medium KD (26-45%),Google Search Console Conversational Queries
platinum titanium,1200,12,Low KD (<25%),Google Search Console Conversational Queries
platinum and titanium,1200,12,Low KD (<25%),Google Search Console Conversational Queries
titanium and platinum,1200,12,Low KD (<25%),Google Search Console Conversational Queries
platinum vs titanium,1200,12,Low KD (<25%),Google Search Console Conversational Queries
mini choker designs in gold with weight,1200,20,Low KD (<25%),Google Search Console Conversational Queries
mini choker designs in 22k gold with weight,1200,16,Low KD (<25%),Google Search Console Conversational Queries
chiffon saree with pearl necklace,1200,12,Low KD (<25%),Google Search Console Conversational Queries
saree with pearl jewellery,1200,16,Low KD (<25%),Google Search Console Conversational Queries
jewellery for saree,1200,12,Low KD (<25%),Google Search Console Conversational Queries
are pinky rings in style,1200,45,Medium KD (26-45%),Google Search Console Conversational Queries
how to remove stuck nose pin,1200,12,Low KD (<25%),Google Search Console Conversational Queries
how to remove nose pin clockwise or anticlockwise,1225,12,Low KD (<25%),Google Search Console Conversational Queries
how to remove nose pin,1200,12,Low KD (<25%),Google Search Console Conversational Queries
how to remove nose pin easily,1200,12,Low KD (<25%),Google Search Console Conversational Queries
citrine bracelet benefits,1200,45,Medium KD (26-45%),Google Search Console Conversational Queries
what is kharmas,1225,12,Low KD (<25%),Google Search Console Conversational Queries
kharmas 2025,1200,12,Low KD (<25%),Google Search Console Conversational Queries
kharvas kya hota hai,1200,13,Low KD (<25%),Google Search Console Conversational Queries
what is kharmas period,1200,13,Low KD (<25%),Google Search Console Conversational Queries
why kharmas is inauspicious,1200,12,Low KD (<25%),Google Search Console Conversational Queries
kharmas 2026,1200,12,Low KD (<25%),Google Search Console Conversational Queries
kharmas 2026 december,1200,12,Low KD (<25%),Google Search Console Conversational Queries
what are polki diamonds,1200,45,Medium KD (26-45%),Google Search Console Conversational Queries
men's trending bracelet design,1200,15,Low KD (<25%),Google Search Console Conversational Queries
bluestone platinum bracelet,1200,16,Low KD (<25%),Google Search Console Conversational Queries
benefits of gold,1200,45,Medium KD (26-45%),Google Search Console Conversational Queries
gold health benefits,1200,45,Medium KD (26-45%),Google Search Console Conversational Queries
what is a curb chain,1200,33,Medium KD (26-45%),Google Search Console Conversational Queries
diamond resale value in india,6090,14,Low KD (<25%),Google Search Console Conversational Queries
resale value of diamond in india,1750,13,Low KD (<25%),Google Search Console Conversational Queries
diamond resale value india,1200,12,Low KD (<25%),Google Search Console Conversational Queries
diamond resale value,1200,12,Low KD (<25%),Google Search Console Conversational Queries
resale value of diamond vs gold,1200,12,Low KD (<25%),Google Search Console Conversational Queries
diamond exchange value,1200,45,Medium KD (26-45%),Google Search Console Conversational Queries
does diamond has resale value,1200,28,Medium KD (26-45%),Google Search Console Conversational Queries
does diamond has resale value in india,1200,15,Low KD (<25%),Google Search Console Conversational Queries
diamond depreciation,1200,12,Low KD (<25%),Google Search Console Conversational Queries
jewellery for paithani saree,1200,30,Medium KD (26-45%),Google Search Console Conversational Queries
choker weight,1200,12,Low KD (<25%),Google Search Console Conversational Queries
average necklace weight,1200,12,Low KD (<25%),Google Search Console Conversational Queries
normal necklace weight,1200,12,Low KD (<25%),Google Search Console Conversational Queries
jewellery set price,1200,12,Low KD (<25%),Google Search Console Conversational Queries
pendants,1200,12,Low KD (<25%),Google Search Console Conversational Queries
necklace weight in grams,1200,12,Low KD (<25%),Google Search Console Conversational Queries
one gram gold weight,1200,35,Medium KD (26-45%),Google Search Console Conversational Queries
how many grams of gold required for necklace,1200,12,Low KD (<25%),Google Search Console Conversational Queries
how much gram of gold is required to make a earring,1200,12,Low KD (<25%),Google Search Console Conversational Queries
normal gold set weight,1200,12,Low KD (<25%),Google Search Console Conversational Queries
what is the average weight of lightweight gold jewellery for everyday wear?,1200,12,Low KD (<25%),Google Search Console Conversational Queries
how much grams of gold is required to make a ring,1200,12,Low KD (<25%),Google Search Console Conversational Queries
how to wear glass bangles without breaking,1200,12,Low KD (<25%),Google Search Console Conversational Queries
how to fix broken glass bangles,1505,12,Low KD (<25%),Google Search Console Conversational Queries
how to stick glass bangles,1200,12,Low KD (<25%),Google Search Console Conversational Queries
glass bangles,1200,12,Low KD (<25%),Google Search Console Conversational Queries
how to remove tight glass bangles from hand,1200,12,Low KD (<25%),Google Search Console Conversational Queries
how to join broken glass bangles,1200,12,Low KD (<25%),Google Search Console Conversational Queries
how to fix glass bangles,1200,12,Low KD (<25%),Google Search Console Conversational Queries
what happens if bangle breaks on friday,1200,16,Low KD (<25%),Google Search Console Conversational Queries
how to stick broken glass bangles,1200,12,Low KD (<25%),Google Search Console Conversational Queries
bangles breaking meaning,1200,12,Low KD (<25%),Google Search Console Conversational Queries
jewellery for banarasi saree,1200,45,Medium KD (26-45%),Google Search Console Conversational Queries
nose pin hole close,1200,12,Low KD (<25%),Google Search Console Conversational Queries
how to close nose pin hole permanently,1200,12,Low KD (<25%),Google Search Console Conversational Queries
modern nose pin,1200,28,Medium KD (26-45%),Google Search Console Conversational Queries
10 gm gold kada mens with price,1200,12,Low KD (<25%),Google Search Console Conversational Queries
gold kada for men minimum weight,1200,12,Low KD (<25%),Google Search Console Conversational Queries
kada weight for men,1200,12,Low KD (<25%),Google Search Console Conversational Queries
gold kada weight for men,1200,12,Low KD (<25%),Google Search Console Conversational Queries
gold kada weight,1200,12,Low KD (<25%),Google Search Console Conversational Queries
gold kada for men how many grams,1200,12,Low KD (<25%),Google Search Console Conversational Queries
men gold kada minimum weight,1200,12,Low KD (<25%),Google Search Console Conversational Queries
gold ka kada kitne gram ka banta hai,1200,12,Low KD (<25%),Google Search Console Conversational Queries
mens gold kada weight,1200,12,Low KD (<25%),Google Search Console Conversational Queries
bangle city of india,2240,12,Low KD (<25%),Google Search Console Conversational Queries
bangles famous city in india,1225,12,Low KD (<25%),Google Search Console Conversational Queries
which city is famous for bangles,1200,12,Low KD (<25%),Google Search Console Conversational Queries
which city is famous for glass bangles,1200,14,Low KD (<25%),Google Search Console Conversational Queries
bangle famous city,1200,12,Low KD (<25%),Google Search Console Conversational Queries
bangle shop near me,1200,12,Low KD (<25%),Google Search Console Conversational Queries
bangles kaha ki famous hai,1200,12,Low KD (<25%),Google Search Console Conversational Queries
city famous for bangles,1200,12,Low KD (<25%),Google Search Console Conversational Queries
bracelet weight for men,1200,12,Low KD (<25%),Google Search Console Conversational Queries
sone ka bracelet kitne gram mein banta hai,1200,12,Low KD (<25%),Google Search Console Conversational Queries
average weight of men's gold bracelet,1200,12,Low KD (<25%),Google Search Console Conversational Queries
bracelet for men how many grams,1295,12,Low KD (<25%),Google Search Console Conversational Queries
gold bracelet for men weight,1200,12,Low KD (<25%),Google Search Console Conversational Queries
ek bracelet kitne gram ka hota hai,1200,12,Low KD (<25%),Google Search Console Conversational Queries
bracelet kitne gram ka hota hai,1200,12,Low KD (<25%),Google Search Console Conversational Queries
gold bracelet for men how many grams,1200,12,Low KD (<25%),Google Search Console Conversational Queries
gold bracelet weight,1200,12,Low KD (<25%),Google Search Console Conversational Queries
normal bracelet weight,1200,12,Low KD (<25%),Google Search Console Conversational Queries
marathi style nose pin,1200,17,Low KD (<25%),Google Search Console Conversational Queries
how to make kundan bangles at home,1200,12,Low KD (<25%),Google Search Console Conversational Queries
vrishabha rashi birthstone,1200,12,Low KD (<25%),Google Search Console Conversational Queries
meenakari jewellery,1200,44,Medium KD (26-45%),Google Search Console Conversational Queries
akshaya tritiya gold coin,1200,40,Medium KD (26-45%),Google Search Console Conversational Queries
buying gold on akshaya tritiya,1200,30,Medium KD (26-45%),Google Search Console Conversational Queries
bluestone gold purity,2835,12,Low KD (<25%),Google Search Console Conversational Queries
charm bangle,1200,40,Medium KD (26-45%),Google Search Console Conversational Queries
charm bangles,1200,29,Medium KD (26-45%),Google Search Console Conversational Queries
charm bracelet vs bangle,1200,39,Medium KD (26-45%),Google Search Console Conversational Queries
akshaya tritiya gold purchase,1200,45,Medium KD (26-45%),Google Search Console Conversational Queries
buy gold on akshaya tritiya 2017,1200,36,Medium KD (26-45%),Google Search Console Conversational Queries
har kitne gram ka hota hai,1200,12,Low KD (<25%),Google Search Console Conversational Queries
gold necklace weight,1200,12,Low KD (<25%),Google Search Console Conversational Queries
necklace average weight,1200,12,Low KD (<25%),Google Search Console Conversational Queries
how many grams in a gold necklace,1200,12,Low KD (<25%),Google Search Console Conversational Queries
how many grams does a necklace weigh,1200,12,Low KD (<25%),Google Search Console Conversational Queries
average weight of gold necklace in grams,1200,12,Low KD (<25%),Google Search Console Conversational Queries
how many grams is a gold necklace,1200,12,Low KD (<25%),Google Search Console Conversational Queries
how much does a gold necklace weigh,1200,12,Low KD (<25%),Google Search Console Conversational Queries
normal gold necklace weight,1200,12,Low KD (<25%),Google Search Console Conversational Queries
how to wear rudraksha bracelet,1200,12,Low KD (<25%),Google Search Console Conversational Queries
rudraksha bracelet meaning,1200,12,Low KD (<25%),Google Search Console Conversational Queries
what is tennis bracelet,1200,45,Medium KD (26-45%),Google Search Console Conversational Queries
gold ring light weight price,1200,12,Low KD (<25%),Google Search Console Conversational Queries
snake chain bracelet,1200,23,Low KD (<25%),Google Search Console Conversational Queries
snake bracelet women,1200,13,Low KD (<25%),Google Search Console Conversational Queries
snake design bracelet for women,1200,13,Low KD (<25%),Google Search Console Conversational Queries
snake bangle gold,1200,12,Low KD (<25%),Google Search Console Conversational Queries
snake bone bracelet benefits,1200,12,Low KD (<25%),Google Search Console Conversational Queries
bracelet chain types,1435,45,Medium KD (26-45%),Google Search Console Conversational Queries
chain bracelet meaning,1200,12,Low KD (<25%),Google Search Console Conversational Queries
chain bracelet types,1200,31,Medium KD (26-45%),Google Search Console Conversational Queries
about chain,1200,12,Low KD (<25%),Google Search Console Conversational Queries
types of gold chain bracelets,1200,12,Low KD (<25%),Google Search Console Conversational Queries
korean style minimalistic pendants,1200,13,Low KD (<25%),Google Search Console Conversational Queries
best earring backs,1200,12,Low KD (<25%),Google Search Console Conversational Queries
flat back earrings for sleeping,1200,12,Low KD (<25%),Google Search Console Conversational Queries
earring stuck in earlobe how to remove at home,1200,12,Low KD (<25%),Google Search Console Conversational Queries
how to get the back of an earring off,1295,44,Medium KD (26-45%),Google Search Console Conversational Queries
how to get stuck earring out of ear,1200,12,Low KD (<25%),Google Search Console Conversational Queries
how to remove a stuck earring,1200,12,Low KD (<25%),Google Search Console Conversational Queries
how to get a stuck earring out of your ear,1200,12,Low KD (<25%),Google Search Console Conversational Queries
how to remove earrings that are stuck,1200,22,Low KD (<25%),Google Search Console Conversational Queries
how to take out an earring that is stuck in your ear,1200,12,Low KD (<25%),Google Search Console Conversational Queries
embedded earring removal,1200,12,Low KD (<25%),Google Search Console Conversational Queries
how to get a stuck earring out,1200,12,Low KD (<25%),Google Search Console Conversational Queries
how to get an earring off that is stuck,1200,12,Low KD (<25%),Google Search Console Conversational Queries
in which ear boy should wear earrings,1200,12,Low KD (<25%),Google Search Console Conversational Queries
boys wear earrings in which ear,1200,12,Low KD (<25%),Google Search Console Conversational Queries
earrings for men which side is best,1200,12,Low KD (<25%),Google Search Console Conversational Queries
in which ear should boys wear earrings,1200,12,Low KD (<25%),Google Search Console Conversational Queries
do boys wear earrings in both ears,1200,12,Low KD (<25%),Google Search Console Conversational Queries
in which side of ear men wear earrings,1200,12,Low KD (<25%),Google Search Console Conversational Queries
virat kohli earrings which side,1200,12,Low KD (<25%),Google Search Console Conversational Queries
best jewelry for wedding,1200,12,Low KD (<25%),Google Search Console Conversational Queries
clip on earrings,2380,12,Low KD (<25%),Google Search Console Conversational Queries
do clip on earrings hurt,2380,12,Low KD (<25%),Google Search Console Conversational Queries
how to wear clip on earrings,1435,12,Low KD (<25%),Google Search Console Conversational Queries
how to put on clip on earrings,1200,12,Low KD (<25%),Google Search Console Conversational Queries
clip on earrings how to wear,1200,12,Low KD (<25%),Google Search Console Conversational Queries
how to wear clip on earrings without hurting,1200,12,Low KD (<25%),Google Search Console Conversational Queries
how to wear clip earrings,1200,35,Medium KD (26-45%),Google Search Console Conversational Queries
non adjustable earrings meaning,1200,12,Low KD (<25%),Google Search Console Conversational Queries
clip earrings painful,1200,12,Low KD (<25%),Google Search Console Conversational Queries
ares ring review,1200,12,Low KD (<25%),Google Search Console Conversational Queries
mood ring color meanings,1200,45,Medium KD (26-45%),Google Search Console Conversational Queries
how do mood rings work,4410,18,Low KD (<25%),Google Search Console Conversational Queries
mood ring,1200,31,Medium KD (26-45%),Google Search Console Conversational Queries
how does a mood ring work,1200,12,Low KD (<25%),Google Search Console Conversational Queries
what is mood rings,1200,12,Low KD (<25%),Google Search Console Conversational Queries
what are mood rings,1200,12,Low KD (<25%),Google Search Console Conversational Queries
can mood rings get wet,1200,45,Medium KD (26-45%),Google Search Console Conversational Queries
does mood rings actually work,1200,45,Medium KD (26-45%),Google Search Console Conversational Queries
mindfulness ring,1200,12,Low KD (<25%),Google Search Console Conversational Queries
types of bead necklaces,1200,20,Low KD (<25%),Google Search Console Conversational Queries
different types of beaded necklaces,1200,12,Low KD (<25%),Google Search Console Conversational Queries
how to fix a broken necklace chain,1200,12,Low KD (<25%),Google Search Console Conversational Queries
how to fix broken necklace chain,1200,45,Medium KD (26-45%),Google Search Console Conversational Queries
how to repair a broken chain,1200,45,Medium KD (26-45%),Google Search Console Conversational Queries
how to fix broken chain,1200,45,Medium KD (26-45%),Google Search Console Conversational Queries
fix broken necklace chain,1200,45,Medium KD (26-45%),Google Search Console Conversational Queries
how to fix a chain necklace,1200,45,Medium KD (26-45%),Google Search Console Conversational Queries
how to fix a necklace chain,1200,45,Medium KD (26-45%),Google Search Console Conversational Queries
repair necklace chain,1200,45,Medium KD (26-45%),Google Search Console Conversational Queries
bluestone infinity ring,1200,12,Low KD (<25%),Google Search Console Conversational Queries
eternity ring meaning,1200,19,Low KD (<25%),Google Search Console Conversational Queries
what does an infinity ring mean,1200,45,Medium KD (26-45%),Google Search Console Conversational Queries
back chain,37450,12,Low KD (<25%),Google Search Console Conversational Queries
what is back chain,1200,12,Low KD (<25%),Google Search Console Conversational Queries
what is a back chain,1820,12,Low KD (<25%),Google Search Console Conversational Queries
whats a back chain,1200,12,Low KD (<25%),Google Search Console Conversational Queries
detachable back chain for necklace,1200,18,Low KD (<25%),Google Search Console Conversational Queries
back chain meaning,1200,12,Low KD (<25%),Google Search Console Conversational Queries
whats back chain,1200,12,Low KD (<25%),Google Search Console Conversational Queries
back neck jewellery,1200,12,Low KD (<25%),Google Search Console Conversational Queries
necklace back chain,1200,15,Low KD (<25%),Google Search Console Conversational Queries
heavy bridal jewellery set,1200,43,Medium KD (26-45%),Google Search Console Conversational Queries
infinity ring benefits,1200,12,Low KD (<25%),Google Search Console Conversational Queries
infinity ring meaning,1200,20,Low KD (<25%),Google Search Console Conversational Queries
benefits of wearing infinity ring,1200,12,Low KD (<25%),Google Search Console Conversational Queries
infinity symbol ring for women,1200,12,Low KD (<25%),Google Search Console Conversational Queries
infinity ring,1200,44,Medium KD (26-45%),Google Search Console Conversational Queries
infinity ring meaning in hindi,1200,12,Low KD (<25%),Google Search Console Conversational Queries
infinity ring for women,1200,12,Low KD (<25%),Google Search Console Conversational Queries
snake chain,1200,15,Low KD (<25%),Google Search Console Conversational Queries
snake skin chain,1200,13,Low KD (<25%),Google Search Console Conversational Queries
how is snake chain made,1200,16,Low KD (<25%),Google Search Console Conversational Queries
kundan bridal jewellery,1200,12,Low KD (<25%),Google Search Console Conversational Queries
in visible chain,1200,12,Low KD (<25%),Google Search Console Conversational Queries
invisible chain,1200,12,Low KD (<25%),Google Search Console Conversational Queries
invisible chains,1200,45,Medium KD (26-45%),Google Search Console Conversational Queries
necklace setting for loose diamond,1200,12,Low KD (<25%),Google Search Console Conversational Queries
matchy bracelet,1200,19,Low KD (<25%),Google Search Console Conversational Queries
bluestone black beads bracelet,1200,12,Low KD (<25%),Google Search Console Conversational Queries
black beads bracelet,1200,22,Low KD (<25%),Google Search Console Conversational Queries
why do people wear black beads bracelet,1200,12,Low KD (<25%),Google Search Console Conversational Queries
black bead bracelet,1200,12,Low KD (<25%),Google Search Console Conversational Queries
black beads bracelet bluestone,1200,12,Low KD (<25%),Google Search Console Conversational Queries
black bracelet meaning woman,1200,12,Low KD (<25%),Google Search Console Conversational Queries
evil eye jewelry,1200,12,Low KD (<25%),Google Search Console Conversational Queries
what is the meaning of infinity ring,1200,12,Low KD (<25%),Google Search Console Conversational Queries
popular bracelets for women,1200,12,Low KD (<25%),Google Search Console Conversational Queries
popular women's bracelets,1200,12,Low KD (<25%),Google Search Console Conversational Queries
stylish gold bracelet designs for girls,1200,12,Low KD (<25%),Google Search Console Conversational Queries
male wedding rings,1200,19,Low KD (<25%),Google Search Console Conversational Queries
mens wedding rings,1200,15,Low KD (<25%),Google Search Console Conversational Queries
wedding rings for men gold,1200,18,Low KD (<25%),Google Search Console Conversational Queries
how to choose jewellery for saree,1200,45,Medium KD (26-45%),Google Search Console Conversational Queries
how to tell if a gemstone is real at home,1200,12,Low KD (<25%),Google Search Console Conversational Queries
jewellery with sea green saree,1200,45,Medium KD (26-45%),Google Search Console Conversational Queries
necklace layering,1200,45,Medium KD (26-45%),Google Search Console Conversational Queries
how to layer necklaces like a pro,1200,45,Medium KD (26-45%),Google Search Console Conversational Queries
jewellery for blue saree,1200,45,Medium KD (26-45%),Google Search Console Conversational Queries
jewellery with navy blue saree,1200,42,Medium KD (26-45%),Google Search Console Conversational Queries
difference between real gold and fake gold,1200,12,Low KD (<25%),Google Search Console Conversational Queries
how to find gold real or fake,1200,12,Low KD (<25%),Google Search Console Conversational Queries
how to identify fake gold,1200,12,Low KD (<25%),Google Search Console Conversational Queries
payal saaf karne ka tarika,1200,21,Low KD (<25%),Google Search Console Conversational Queries
how to clean anklets at home,1200,12,Low KD (<25%),Google Search Console Conversational Queries
925 silver anklets,1200,12,Low KD (<25%),Google Search Console Conversational Queries
how to clean anklets,1200,12,Low KD (<25%),Google Search Console Conversational Queries
1gram gold jewellery,1200,12,Low KD (<25%),Google Search Console Conversational Queries
one gram gold jewellery for women,1200,12,Low KD (<25%),Google Search Console Conversational Queries
one gram gold jewellery,1200,12,Low KD (<25%),Google Search Console Conversational Queries
gold earrings for women,1200,12,Low KD (<25%),Google Search Console Conversational Queries
1 gram gold plated means,1200,29,Medium KD (26-45%),Google Search Console Conversational Queries
1 gram gold bali price man,1200,12,Low KD (<25%),Google Search Console Conversational Queries
1 gram gold jewellery review,1200,27,Medium KD (26-45%),Google Search Console Conversational Queries
1 gram gold pendant designs with price,1200,12,Low KD (<25%),Google Search Console Conversational Queries
gold bangles for women,1200,12,Low KD (<25%),Google Search Console Conversational Queries
how to measure anklet size,7035,12,Low KD (<25%),Google Search Console Conversational Queries
anklet size chart by age,1750,12,Low KD (<25%),Google Search Console Conversational Queries
how to check anklet size,1200,12,Low KD (<25%),Google Search Console Conversational Queries
how to find anklet size,1200,12,Low KD (<25%),Google Search Console Conversational Queries
anklet size chart,1200,12,Low KD (<25%),Google Search Console Conversational Queries
standard anklet size,1200,12,Low KD (<25%),Google Search Console Conversational Queries
mesha rasi gemstone,1200,12,Low KD (<25%),Google Search Console Conversational Queries
mesha rashi stone ring,1200,12,Low KD (<25%),Google Search Console Conversational Queries
can mesha rashi wear diamond,1200,15,Low KD (<25%),Google Search Console Conversational Queries
mesha rashi birthstone,1200,12,Low KD (<25%),Google Search Console Conversational Queries
bluestone anklets,1200,20,Low KD (<25%),Google Search Console Conversational Queries
birthstone for meena rashi,1200,12,Low KD (<25%),Google Search Console Conversational Queries
meena rashi birthstone,1365,12,Low KD (<25%),Google Search Console Conversational Queries
gemstone for meen rashi,1200,13,Low KD (<25%),Google Search Console Conversational Queries
steel kada for men benefits,1200,14,Low KD (<25%),Google Search Console Conversational Queries
benefits of wearing steel kada,1200,16,Low KD (<25%),Google Search Console Conversational Queries
kada ka matlab kya hota hai,1200,12,Low KD (<25%),Google Search Console Conversational Queries
kada kyu pahnte hai,1200,12,Low KD (<25%),Google Search Console Conversational Queries
kada,1200,12,Low KD (<25%),Google Search Console Conversational Queries
silver kada for men,1200,12,Low KD (<25%),Google Search Console Conversational Queries
benefits of wearing steel kada in right hand,1200,12,Low KD (<25%),Google Search Console Conversational Queries
gold kada for men,1200,12,Low KD (<25%),Google Search Console Conversational Queries
steel kada benefits,1200,12,Low KD (<25%),Google Search Console Conversational Queries
what is 1 gram gold,1200,12,Low KD (<25%),Google Search Console Conversational Queries
1 gram gold nose ring price,1200,12,Low KD (<25%),Google Search Console Conversational Queries
1 gram gold means,1200,13,Low KD (<25%),Google Search Console Conversational Queries
what is one gram gold,1200,12,Low KD (<25%),Google Search Console Conversational Queries
1 gram gold meaning,1200,12,Low KD (<25%),Google Search Console Conversational Queries
gold mangalsutra design,1200,12,Low KD (<25%),Google Search Console Conversational Queries
what is 1 gm gold,1200,12,Low KD (<25%),Google Search Console Conversational Queries
what is 1g gold jewellery,1200,45,Medium KD (26-45%),Google Search Console Conversational Queries
1 g gold ka matlab kya hota hai,1200,12,Low KD (<25%),Google Search Console Conversational Queries
bluestone men earrings,1200,12,Low KD (<25%),Google Search Console Conversational Queries
marwadi men earrings,1200,15,Low KD (<25%),Google Search Console Conversational Queries
marwadi earrings for men,1200,16,Low KD (<25%),Google Search Console Conversational Queries
rajasthani earrings for man,1200,13,Low KD (<25%),Google Search Console Conversational Queries
rajasthani mens earrings,1200,22,Low KD (<25%),Google Search Console Conversational Queries
rajasthani earrings for men,1200,15,Low KD (<25%),Google Search Console Conversational Queries
rajput earrings men,1200,12,Low KD (<25%),Google Search Console Conversational Queries
rajput earrings for men,1200,16,Low KD (<25%),Google Search Console Conversational Queries
rajput style earrings for men,1200,18,Low KD (<25%),Google Search Console Conversational Queries
rajputi earrings for men,1200,15,Low KD (<25%),Google Search Console Conversational Queries
rajputana earrings for men,1200,16,Low KD (<25%),Google Search Console Conversational Queries
panchaloha jewellery,21735,12,Low KD (<25%),Google Search Console Conversational Queries
what is panchaloha jewellery,7560,12,Low KD (<25%),Google Search Console Conversational Queries
panchaloha ring benefits,5810,13,Low KD (<25%),Google Search Console Conversational Queries
panchaloha jewellery in english,1200,12,Low KD (<25%),Google Search Console Conversational Queries
tribal earrings men,1200,12,Low KD (<25%),Google Search Console Conversational Queries
mens tribal earrings,1200,16,Low KD (<25%),Google Search Console Conversational Queries
aesthetic earring for men,1200,12,Low KD (<25%),Google Search Console Conversational Queries
what is the best type of bracelet for men,1200,45,Medium KD (26-45%),Google Search Console Conversational Queries
gold bracelet for men,1200,12,Low KD (<25%),Google Search Console Conversational Queries
silver bracelet for men,1200,14,Low KD (<25%),Google Search Console Conversational Queries
types of bracelets for men,1200,12,Low KD (<25%),Google Search Console Conversational Queries
men's silver bracelet,1200,12,Low KD (<25%),Google Search Console Conversational Queries
mens silver bracelet,1200,12,Low KD (<25%),Google Search Console Conversational Queries
bracelet silver for men,1200,12,Low KD (<25%),Google Search Console Conversational Queries
types of bracelet for men,1200,12,Low KD (<25%),Google Search Console Conversational Queries
what is the best bracelet for a man to wear,1200,45,Medium KD (26-45%),Google Search Console Conversational Queries
bracelet for men silver,1200,12,Low KD (<25%),Google Search Console Conversational Queries
blue diamond,1820,45,Medium KD (26-45%),Google Search Console Conversational Queries
bluestone natural diamond,1200,12,Low KD (<25%),Google Search Console Conversational Queries
blue diamond gem,1200,45,Medium KD (26-45%),Google Search Console Conversational Queries
what does a blue diamond represent,1200,12,Low KD (<25%),Google Search Console Conversational Queries
blue stone diamond,1200,45,Medium KD (26-45%),Google Search Console Conversational Queries
bluestone is real diamond,1200,16,Low KD (<25%),Google Search Console Conversational Queries
rare blue diamonds,1200,45,Medium KD (26-45%),Google Search Console Conversational Queries
blue diamond price in india,1200,12,Low KD (<25%),Google Search Console Conversational Queries
what do blue diamonds symbolize,1200,12,Low KD (<25%),Google Search Console Conversational Queries
1 gram men earrings,1200,12,Low KD (<25%),Google Search Console Conversational Queries
sone ki jhumki,1200,12,Low KD (<25%),Google Search Console Conversational Queries
pink diamond,3080,45,Medium KD (26-45%),Google Search Console Conversational Queries
pink diamond meaning,1200,12,Low KD (<25%),Google Search Console Conversational Queries
pink diamond meaning spiritual,1200,12,Low KD (<25%),Google Search Console Conversational Queries
gold chain benefits for men,1200,12,Low KD (<25%),Google Search Console Conversational Queries
gold earrings for men 24k,1200,45,Medium KD (26-45%),Google Search Console Conversational Queries
24k gold men's earrings,1200,12,Low KD (<25%),Google Search Console Conversational Queries
what is black diamond,1200,12,Low KD (<25%),Google Search Console Conversational Queries
black diamond price,1925,18,Low KD (<25%),Google Search Console Conversational Queries
black diamond cost,1200,18,Low KD (<25%),Google Search Console Conversational Queries
what is black diamond price,1200,18,Low KD (<25%),Google Search Console Conversational Queries
black diamond meaning,1200,45,Medium KD (26-45%),Google Search Console Conversational Queries
real black diamond price in india,1200,12,Low KD (<25%),Google Search Console Conversational Queries
can girls wear kada,1200,12,Low KD (<25%),Google Search Console Conversational Queries
can women wear kada,1200,12,Low KD (<25%),Google Search Console Conversational Queries
kabi kada,1200,12,Low KD (<25%),Google Search Console Conversational Queries
kada for girls,1200,12,Low KD (<25%),Google Search Console Conversational Queries
kadas,1200,12,Low KD (<25%),Google Search Console Conversational Queries
do straight guys wear anklets,1200,19,Low KD (<25%),Google Search Console Conversational Queries
do men wear anklets,1200,17,Low KD (<25%),Google Search Console Conversational Queries
can guys wear anklets,1200,18,Low KD (<25%),Google Search Console Conversational Queries
why does gold jewellery turn black,1200,25,Low KD (<25%),Google Search Console Conversational Queries
pearl anklets,1200,29,Medium KD (26-45%),Google Search Console Conversational Queries
pearl anklet,1200,43,Medium KD (26-45%),Google Search Console Conversational Queries
why does my necklace make my neck itch,1200,18,Low KD (<25%),Google Search Console Conversational Queries
are anklets still in style,1200,45,Medium KD (26-45%),Google Search Console Conversational Queries
how to get the metal smell out of jewelry,2275,33,Medium KD (26-45%),Google Search Console Conversational Queries
why does my gold chain smell like metal,1200,15,Low KD (<25%),Google Search Console Conversational Queries
why does my gold necklace smell weird,1200,12,Low KD (<25%),Google Search Console Conversational Queries
why does my jewelry smell like metal,1200,18,Low KD (<25%),Google Search Console Conversational Queries
why does my gold chain smell,1200,12,Low KD (<25%),Google Search Console Conversational Queries
why does my gold smell like metal,1200,16,Low KD (<25%),Google Search Console Conversational Queries
why does my jewelry smell,1200,12,Low KD (<25%),Google Search Console Conversational Queries
why does my necklace smell,1200,12,Low KD (<25%),Google Search Console Conversational Queries
blue stone anklets,1200,12,Low KD (<25%),Google Search Console Conversational Queries
bluestone payal,1200,12,Low KD (<25%),Google Search Console Conversational Queries
blue stone anklet,1200,14,Low KD (<25%),Google Search Console Conversational Queries
blue stone silver anklet,1200,12,Low KD (<25%),Google Search Console Conversational Queries
bluestone silver payal,1200,12,Low KD (<25%),Google Search Console Conversational Queries
why does my gold chain leave black marks on my clothes,1200,12,Low KD (<25%),Google Search Console Conversational Queries
gemstone for cancer zodiac,1200,12,Low KD (<25%),Google Search Console Conversational Queries
birthstone of cancer zodiac sign,1200,12,Low KD (<25%),Google Search Console Conversational Queries
cancer pearl birthstone,1200,12,Low KD (<25%),Google Search Console Conversational Queries
bluestone baby ring,1200,12,Low KD (<25%),Google Search Console Conversational Queries
does yellow sapphire have resale value,1200,12,Low KD (<25%),Google Search Console Conversational Queries
navaratna ring benefits for male,1400,12,Low KD (<25%),Google Search Console Conversational Queries
navaratna ring for men benefits,1200,12,Low KD (<25%),Google Search Console Conversational Queries
is navaratna ring good for men,1200,12,Low KD (<25%),Google Search Console Conversational Queries
benefits of wearing navratna ring,1200,12,Low KD (<25%),Google Search Console Conversational Queries
how to wear navaratna ring for males,1200,12,Low KD (<25%),Google Search Console Conversational Queries
ring men,1200,12,Low KD (<25%),Google Search Console Conversational Queries
how to wear navaratna ring male,1200,12,Low KD (<25%),Google Search Console Conversational Queries
how to wear navaratna ring for men,1200,12,Low KD (<25%),Google Search Console Conversational Queries
navratna ring benefits for male,1200,12,Low KD (<25%),Google Search Console Conversational Queries
navaratna ring wearing position male,1200,12,Low KD (<25%),Google Search Console Conversational Queries
how to wear a navaratna ring,1200,12,Low KD (<25%),Google Search Console Conversational Queries
navaratna jewellery online shopping,1200,12,Low KD (<25%),Google Search Console Conversational Queries
how to wear navaratna ring,1200,12,Low KD (<25%),Google Search Console Conversational Queries
sapphire price,1925,12,Low KD (<25%),Google Search Console Conversational Queries
ruby stone price,1200,12,Low KD (<25%),Google Search Console Conversational Queries
blue sapphire price,1200,12,Low KD (<25%),Google Search Console Conversational Queries
harga batu safir,1200,45,Medium KD (26-45%),Google Search Console Conversational Queries
sapphire rate,1200,12,Low KD (<25%),Google Search Console Conversational Queries
natural ruby,1200,12,Low KD (<25%),Google Search Console Conversational Queries
natural ruby gemstone price india per carat 2026,1200,12,Low KD (<25%),Google Search Console Conversational Queries
24 carat ruby price in india,1200,12,Low KD (<25%),Google Search Console Conversational Queries
natural ruby price per carat india 2026,1200,12,Low KD (<25%),Google Search Console Conversational Queries
ruby gemstone price india per carat 2026,1200,12,Low KD (<25%),Google Search Console Conversational Queries
ruby gemstone price per carat india 2026,1200,12,Low KD (<25%),Google Search Console Conversational Queries
how much does emerald cost in india,1200,12,Low KD (<25%),Google Search Console Conversational Queries
how to identify 24 karat gold at home,1200,12,Low KD (<25%),Google Search Console Conversational Queries
24 karat,2590,45,Medium KD (26-45%),Google Search Console Conversational Queries
24k gold,1610,45,Medium KD (26-45%),Google Search Console Conversational Queries
what is 24 karat gold,1200,45,Medium KD (26-45%),Google Search Console Conversational Queries
24k gold chain price,1200,12,Low KD (<25%),Google Search Console Conversational Queries
24 carat gold composition,1200,12,Low KD (<25%),Google Search Console Conversational Queries
pure 24k gold,1200,39,Medium KD (26-45%),Google Search Console Conversational Queries
tanishq gold rate,1200,12,Low KD (<25%),Google Search Console Conversational Queries
24k gold meaning,1200,45,Medium KD (26-45%),Google Search Console Conversational Queries
22k gold composition,1200,14,Low KD (<25%),Google Search Console Conversational Queries
purity of 22 carat gold,1200,45,Medium KD (26-45%),Google Search Console Conversational Queries
what is 22 carat gold,1200,42,Medium KD (26-45%),Google Search Console Conversational Queries
composition of 22 carat gold,1200,17,Low KD (<25%),Google Search Console Conversational Queries
22 carat means,1200,12,Low KD (<25%),Google Search Console Conversational Queries
gold rate today,1200,12,Low KD (<25%),Google Search Console Conversational Queries
what is 22k gold,1200,45,Medium KD (26-45%),Google Search Console Conversational Queries
22 carat gold mixture,1200,32,Medium KD (26-45%),Google Search Console Conversational Queries
22 carat gold purity percentage,1200,45,Medium KD (26-45%),Google Search Console Conversational Queries
what is 18 karat gold,2415,12,Low KD (<25%),Google Search Console Conversational Queries
18k gold purity,2135,12,Low KD (<25%),Google Search Console Conversational Queries
18k gold means,1995,16,Low KD (<25%),Google Search Console Conversational Queries
18 karat gold purity,1890,23,Low KD (<25%),Google Search Console Conversational Queries
18 carat gold purity,1435,17,Low KD (<25%),Google Search Console Conversational Queries
purity of 18 carat gold,1435,12,Low KD (<25%),Google Search Console Conversational Queries
what is 18k gold,1400,16,Low KD (<25%),Google Search Console Conversational Queries
18 k gold purity,1200,12,Low KD (<25%),Google Search Console Conversational Queries
is 18 karat gold good,1200,40,Medium KD (26-45%),Google Search Console Conversational Queries
14 karat purity,1715,15,Low KD (<25%),Google Search Console Conversational Queries
14kt gold purity,1470,12,Low KD (<25%),Google Search Console Conversational Queries
14k gold purity,1200,12,Low KD (<25%),Google Search Console Conversational Queries
14 kt gold purity,1200,12,Low KD (<25%),Google Search Console Conversational Queries
14 carat gold purity,1200,12,Low KD (<25%),Google Search Console Conversational Queries
14ct gold purity,1200,12,Low KD (<25%),Google Search Console Conversational Queries
14 carat gold rate today,1200,12,Low KD (<25%),Google Search Console Conversational Queries
14 karat gold purity,1200,12,Low KD (<25%),Google Search Console Conversational Queries
14 ct gold purity,1200,12,Low KD (<25%),Google Search Console Conversational Queries
14 kt gold rate today,1200,12,Low KD (<25%),Google Search Console Conversational Queries
rajasthani hair jewellery,1200,13,Low KD (<25%),Google Search Console Conversational Queries
best mangalsutra for daily use,1200,12,Low KD (<25%),Google Search Console Conversational Queries
daily wear mangalsutra design,1200,12,Low KD (<25%),Google Search Console Conversational Queries
which mangalsutra is best,1200,45,Medium KD (26-45%),Google Search Console Conversational Queries
mangalsutra design daily wear,1200,40,Medium KD (26-45%),Google Search Console Conversational Queries
gold bracelets for everyday wear,1200,17,Low KD (<25%),Google Search Console Conversational Queries
bracelet for women daily wear,1200,12,Low KD (<25%),Google Search Console Conversational Queries
how to wear a gold bracelet,1200,45,Medium KD (26-45%),Google Search Console Conversational Queries
daily wear rings,1200,21,Low KD (<25%),Google Search Console Conversational Queries
office wear gold rings,1200,22,Low KD (<25%),Google Search Console Conversational Queries
everyday rings,1200,18,Low KD (<25%),Google Search Console Conversational Queries
daily wear gold earrings,1225,45,Medium KD (26-45%),Google Search Console Conversational Queries
casual wear gold earrings,1200,45,Medium KD (26-45%),Google Search Console Conversational Queries
simple daily wear gold earrings,1200,45,Medium KD (26-45%),Google Search Console Conversational Queries
cartier bracelet,1200,12,Low KD (<25%),Google Search Console Conversational Queries
gold chain for women,1200,12,Low KD (<25%),Google Search Console Conversational Queries
24k gold chain price for man,1200,12,Low KD (<25%),Google Search Console Conversational Queries
bracelet for aquarius woman,1200,17,Low KD (<25%),Google Search Console Conversational Queries
aquarius jewellery,1200,45,Medium KD (26-45%),Google Search Console Conversational Queries
gold rings for men,1200,12,Low KD (<25%),Google Search Console Conversational Queries
gold set under 1 lakh,1200,12,Low KD (<25%),Google Search Console Conversational Queries
ring size chart bluestone,1200,12,Low KD (<25%),Google Search Console Conversational Queries
jewellery size,1200,45,Medium KD (26-45%),Google Search Console Conversational Queries
bluestone ring size guide,1200,12,Low KD (<25%),Google Search Console Conversational Queries
bluestone size chart,1200,12,Low KD (<25%),Google Search Console Conversational Queries
valentines day jewellery for her,1200,45,Medium KD (26-45%),Google Search Console Conversational Queries
valentines day jewelry gift guide,1200,45,Medium KD (26-45%),Google Search Console Conversational Queries
jewelry gift ideas for wife,1200,12,Low KD (<25%),Google Search Console Conversational Queries
jewelry ideas for wife,1200,12,Low KD (<25%),Google Search Console Conversational Queries
bar setting ring,1200,12,Low KD (<25%),Google Search Console Conversational Queries
bar ring setting,1200,21,Low KD (<25%),Google Search Console Conversational Queries
diamond horizontal parallel bar ring,1200,25,Low KD (<25%),Google Search Console Conversational Queries
bar setting diamond,1200,12,Low KD (<25%),Google Search Console Conversational Queries
21 january 2026 gold rate,1200,12,Low KD (<25%),Google Search Console Conversational Queries
gold price 21 january 2026,1200,12,Low KD (<25%),Google Search Console Conversational Queries
gold rate 21 january 2026,1200,12,Low KD (<25%),Google Search Console Conversational Queries
pressure setting ring,1200,21,Low KD (<25%),Google Search Console Conversational Queries
tension set diamond ring,1200,45,Medium KD (26-45%),Google Search Console Conversational Queries
pressure setting diamond ring,1200,12,Low KD (<25%),Google Search Console Conversational Queries
tension setting ring,1200,45,Medium KD (26-45%),Google Search Console Conversational Queries
tension setting diamond ring,1200,14,Low KD (<25%),Google Search Console Conversational Queries
tension set engagement ring,1200,45,Medium KD (26-45%),Google Search Console Conversational Queries
tension engagement ring,1200,45,Medium KD (26-45%),Google Search Console Conversational Queries
gold or diamond which is costly,1200,15,Low KD (<25%),Google Search Console Conversational Queries
diamond and gold price difference,1200,12,Low KD (<25%),Google Search Console Conversational Queries
gold rate vs diamond rate,1200,12,Low KD (<25%),Google Search Console Conversational Queries
diamonds vs gold,1200,45,Medium KD (26-45%),Google Search Console Conversational Queries
gold and diamond which is more expensive,1200,40,Medium KD (26-45%),Google Search Console Conversational Queries
price of gold and diamonds,1200,27,Medium KD (26-45%),Google Search Console Conversational Queries
diamond is costly or gold,1200,15,Low KD (<25%),Google Search Console Conversational Queries
gold and diamond price difference,1200,12,Low KD (<25%),Google Search Console Conversational Queries
gold past,1200,19,Low KD (<25%),Google Search Console Conversational Queries
why gold is fluctuating so much,1200,12,Low KD (<25%),Google Search Console Conversational Queries
wedding jewellery gift,1200,26,Medium KD (26-45%),Google Search Console Conversational Queries
split shank engagement rings,7700,45,Medium KD (26-45%),Google Search Console Conversational Queries
split band engagement ring,7280,45,Medium KD (26-45%),Google Search Console Conversational Queries
nuptial chain,1200,12,Low KD (<25%),Google Search Console Conversational Queries
butti design gold price,1200,12,Low KD (<25%),Google Search Console Conversational Queries
certificate of authenticity for diamonds,1200,45,Medium KD (26-45%),Google Search Console Conversational Queries
certificate of authenticity jewelry,1200,45,Medium KD (26-45%),Google Search Console Conversational Queries
bluestone diamond certificate,1200,12,Low KD (<25%),Google Search Console Conversational Queries
cluster diamond vs solitaire,1200,12,Low KD (<25%),Google Search Console Conversational Queries
types of solitaire settings,1200,12,Low KD (<25%),Google Search Console Conversational Queries
solitaire setting,1200,12,Low KD (<25%),Google Search Console Conversational Queries
solitaire setting types,1200,12,Low KD (<25%),Google Search Console Conversational Queries
types of solitaire ring settings,1200,12,Low KD (<25%),Google Search Console Conversational Queries
birthstone for capricorn woman,1200,12,Low KD (<25%),Google Search Console Conversational Queries
capricorn jewellery,1200,45,Medium KD (26-45%),Google Search Console Conversational Queries
channel setting diamond,1200,12,Low KD (<25%),Google Search Console Conversational Queries
channel set diamond,1200,12,Low KD (<25%),Google Search Console Conversational Queries
channel set ring,1200,34,Medium KD (26-45%),Google Search Console Conversational Queries
pavé diamond,1200,45,Medium KD (26-45%),Google Search Console Conversational Queries
halo rings settings,1200,45,Medium KD (26-45%),Google Search Console Conversational Queries
first baby ring for wife,1200,12,Low KD (<25%),Google Search Console Conversational Queries
prong setting diamond,1200,12,Low KD (<25%),Google Search Console Conversational Queries
diamond prong setting,1200,12,Low KD (<25%),Google Search Console Conversational Queries
what is a bezel setting on a ring,1200,45,Medium KD (26-45%),Google Search Console Conversational Queries
salman khan bracelet,7210,19,Low KD (<25%),Google Search Console Conversational Queries
david yurman bracelet salman khan,1200,12,Low KD (<25%),Google Search Console Conversational Queries
david yurman salman khan bracelet,1200,12,Low KD (<25%),Google Search Console Conversational Queries
why does salman khan wear bracelet,1200,12,Low KD (<25%),Google Search Console Conversational Queries
what is salman khan bracelet made from,1200,12,Low KD (<25%),Google Search Console Conversational Queries
rupo bracelet,1200,12,Low KD (<25%),Google Search Console Conversational Queries
salman khans bracelet,5495,21,Low KD (<25%),Google Search Console Conversational Queries
salman bracelet,1540,21,Low KD (<25%),Google Search Console Conversational Queries
opener on a ring,1200,12,Low KD (<25%),Google Search Console Conversational Queries
open ring,1200,45,Medium KD (26-45%),Google Search Console Conversational Queries
ring that opens and closes,1200,12,Low KD (<25%),Google Search Console Conversational Queries
proposal ring vs wedding ring,1200,45,Medium KD (26-45%),Google Search Console Conversational Queries
proposal ring vs engagement ring,1200,12,Low KD (<25%),Google Search Console Conversational Queries
engagement ring vs proposal ring,1200,12,Low KD (<25%),Google Search Console Conversational Queries
proposal ring and engagement ring difference,1200,12,Low KD (<25%),Google Search Console Conversational Queries
what is a proposal ring,1200,45,Medium KD (26-45%),Google Search Console Conversational Queries
mini choker designs in gold with weight 3 gram,1925,12,Low KD (<25%),Google Search Console Conversational Queries
women mini choker designs in gold with weight,1200,12,Low KD (<25%),Google Search Console Conversational Queries
women's mini choker designs in gold with weight,1200,12,Low KD (<25%),Google Search Console Conversational Queries
latest gold choker necklace designs with weight,1200,19,Low KD (<25%),Google Search Console Conversational Queries
lightweight choker,1200,12,Low KD (<25%),Google Search Console Conversational Queries
lightweight gold choker,1200,12,Low KD (<25%),Google Search Console Conversational Queries
light weight gold necklace design,1200,12,Low KD (<25%),Google Search Console Conversational Queries
simple necklace for saree,1200,12,Low KD (<25%),Google Search Console Conversational Queries
simple necklace on saree,1200,12,Low KD (<25%),Google Search Console Conversational Queries
simple necklace for silk saree,1200,12,Low KD (<25%),Google Search Console Conversational Queries
adjustable gold ring for baby girl,1200,12,Low KD (<25%),Google Search Console Conversational Queries
how does an adjustable ring work,1200,12,Low KD (<25%),Google Search Console Conversational Queries
are adjustable rings good,1200,12,Low KD (<25%),Google Search Console Conversational Queries
solitaire vs cluster diamond,1200,12,Low KD (<25%),Google Search Console Conversational Queries
difference between solitaire and cluster diamond,1200,12,Low KD (<25%),Google Search Console Conversational Queries
cluster diamonds vs solitaire,1200,45,Medium KD (26-45%),Google Search Console Conversational Queries
difference between cluster and solitaire diamond,1200,12,Low KD (<25%),Google Search Console Conversational Queries
solitaire diamond vs cluster,1200,12,Low KD (<25%),Google Search Console Conversational Queries
nath in marathi,5040,12,Low KD (<25%),Google Search Console Conversational Queries
nath meaning in marathi,1715,12,Low KD (<25%),Google Search Console Conversational Queries
marathi nath,1200,12,Low KD (<25%),Google Search Console Conversational Queries
nath marathi,1200,12,Low KD (<25%),Google Search Console Conversational Queries
nath meaning,1200,16,Low KD (<25%),Google Search Console Conversational Queries
nath in marathi meaning,1200,12,Low KD (<25%),Google Search Console Conversational Queries
meaning of nath,1200,12,Low KD (<25%),Google Search Console Conversational Queries
marathi nath is called,1200,12,Low KD (<25%),Google Search Console Conversational Queries
bluestone nath design,1200,12,Low KD (<25%),Google Search Console Conversational Queries
pave vs channel set ring,1200,12,Low KD (<25%),Google Search Console Conversational Queries
cushion cut vs oval diamond,1200,12,Low KD (<25%),Google Search Console Conversational Queries
cushion vs oval diamond,1200,12,Low KD (<25%),Google Search Console Conversational Queries
oval vs cushion cut diamond,1200,12,Low KD (<25%),Google Search Console Conversational Queries
marie antoinette jewelry,1200,12,Low KD (<25%),Google Search Console Conversational Queries
anshula kapoor engagement ring,1200,12,Low KD (<25%),Google Search Console Conversational Queries
best nose ring for women,1200,12,Low KD (<25%),Google Search Console Conversational Queries
best nose ring,1200,37,Medium KD (26-45%),Google Search Console Conversational Queries
is gold good for nose piercing,1200,12,Low KD (<25%),Google Search Console Conversational Queries
best metal for nose ring,1200,12,Low KD (<25%),Google Search Console Conversational Queries
18 carat gold nose pin,1200,12,Low KD (<25%),Google Search Console Conversational Queries
22k gold nose pin under 1000,1200,12,Low KD (<25%),Google Search Console Conversational Queries
gold nose ring,1200,12,Low KD (<25%),Google Search Console Conversational Queries
nose stud gold,1200,12,Low KD (<25%),Google Search Console Conversational Queries
7mm nose ring size,1200,12,Low KD (<25%),Google Search Console Conversational Queries
thinnest nose ring size,1200,45,Medium KD (26-45%),Google Search Console Conversational Queries
nose ring diameter,1200,35,Medium KD (26-45%),Google Search Console Conversational Queries
nose ring weight,1200,12,Low KD (<25%),Google Search Console Conversational Queries
nose ring size,1200,30,Medium KD (26-45%),Google Search Console Conversational Queries
chubby face nose pin for round face,1200,40,Medium KD (26-45%),Google Search Console Conversational Queries
zodiac sign capricorn gold,1200,33,Medium KD (26-45%),Google Search Console Conversational Queries
libra jewellery,1200,45,Medium KD (26-45%),Google Search Console Conversational Queries
leo character,3325,12,Low KD (<25%),Google Search Console Conversational Queries
the characteristics of a leo,1200,12,Low KD (<25%),Google Search Console Conversational Queries
character of leo,1200,12,Low KD (<25%),Google Search Console Conversational Queries
zodiac sign cancer silver,1200,27,Medium KD (26-45%),Google Search Console Conversational Queries
zodiac sign gemini gold,1200,45,Medium KD (26-45%),Google Search Console Conversational Queries
can gemini wear silver,1200,12,Low KD (<25%),Google Search Console Conversational Queries
zodiac sign gemini silver,1200,45,Medium KD (26-45%),Google Search Console Conversational Queries
zodiac sign taurus silver,1200,45,Medium KD (26-45%),Google Search Console Conversational Queries
aries jewellery,1200,45,Medium KD (26-45%),Google Search Console Conversational Queries
why mangalsutra has black beads,1200,14,Low KD (<25%),Google Search Console Conversational Queries
how many black beads and red beads should be there in mangalsutra,1200,12,Low KD (<25%),Google Search Console Conversational Queries
how many black beads in mangalsutra,1200,12,Low KD (<25%),Google Search Console Conversational Queries
benefits of wearing mangalsutra,1200,12,Low KD (<25%),Google Search Console Conversational Queries
mangalsutra means,1200,12,Low KD (<25%),Google Search Console Conversational Queries
mangalsutra benefits,1200,12,Low KD (<25%),Google Search Console Conversational Queries
kriti kharbanda mangalsutra,1200,12,Low KD (<25%),Google Search Console Conversational Queries
mangalsutra,1200,12,Low KD (<25%),Google Search Console Conversational Queries
mangalsutra english meaning,1200,45,Medium KD (26-45%),Google Search Console Conversational Queries
2 gram mangalsutra price,1200,12,Low KD (<25%),Google Search Console Conversational Queries
mangalsutra bracelet,1200,12,Low KD (<25%),Google Search Console Conversational Queries
wearing mangalsutra benefits,1200,12,Low KD (<25%),Google Search Console Conversational Queries
kiara advani engagement ring,2765,12,Low KD (<25%),Google Search Console Conversational Queries
kiara advani ring,1200,12,Low KD (<25%),Google Search Console Conversational Queries
kiara advani wedding ring,1200,12,Low KD (<25%),Google Search Console Conversational Queries
kiara advani engagement ring price,1200,12,Low KD (<25%),Google Search Console Conversational Queries
kiara engagement ring,1200,12,Low KD (<25%),Google Search Console Conversational Queries
kiara ring,1200,12,Low KD (<25%),Google Search Console Conversational Queries
aditi rao hydari engagement ring,1200,12,Low KD (<25%),Google Search Console Conversational Queries
aditi rao hydari ring,1200,12,Low KD (<25%),Google Search Console Conversational Queries
aditi rao hydari ring design,1200,16,Low KD (<25%),Google Search Console Conversational Queries
aditi rao ring,1200,12,Low KD (<25%),Google Search Console Conversational Queries
does platinum have resale value,1470,16,Low KD (<25%),Google Search Console Conversational Queries
does platinum has resale value,1200,16,Low KD (<25%),Google Search Console Conversational Queries
platinum resale value,1200,12,Low KD (<25%),Google Search Console Conversational Queries
why are gold and platinum suitable for making jewellery,1200,12,Low KD (<25%),Google Search Console Conversational Queries
do platinum has resale value,1200,18,Low KD (<25%),Google Search Console Conversational Queries
do platinum have resale value,1200,16,Low KD (<25%),Google Search Console Conversational Queries
ankita lokhande engagement ring,1200,12,Low KD (<25%),Google Search Console Conversational Queries
monica geller engagement ring,6545,12,Low KD (<25%),Google Search Console Conversational Queries
monica's engagement ring friends,3220,12,Low KD (<25%),Google Search Console Conversational Queries
monica's engagement ring,2065,12,Low KD (<25%),Google Search Console Conversational Queries
monica engagement ring,1855,12,Low KD (<25%),Google Search Console Conversational Queries
monica geller ring,1435,12,Low KD (<25%),Google Search Console Conversational Queries
monicas ring friends,1200,12,Low KD (<25%),Google Search Console Conversational Queries
monica ring,1200,12,Low KD (<25%),Google Search Console Conversational Queries
monica's ring from friends,1200,12,Low KD (<25%),Google Search Console Conversational Queries
friends monica engagement ring,1200,12,Low KD (<25%),Google Search Console Conversational Queries
monica's ring in friends,1200,12,Low KD (<25%),Google Search Console Conversational Queries
sonam kapoor engagement ring,1200,12,Low KD (<25%),Google Search Console Conversational Queries
radhika merchant wedding ring,1200,15,Low KD (<25%),Google Search Console Conversational Queries
radhika merchant engagement ring,1200,12,Low KD (<25%),Google Search Console Conversational Queries
radhika merchant engagement ring price,1200,12,Low KD (<25%),Google Search Console Conversational Queries
radhika merchant ring,1200,12,Low KD (<25%),Google Search Console Conversational Queries
shilpa shetty emerald ring,1540,12,Low KD (<25%),Google Search Console Conversational Queries
shilpa emerald ring designs for small finger,1200,12,Low KD (<25%),Google Search Console Conversational Queries
shilpa shetty engagement ring,1200,12,Low KD (<25%),Google Search Console Conversational Queries
shilpa shetty ring,1200,12,Low KD (<25%),Google Search Console Conversational Queries
shetty ring,1200,12,Low KD (<25%),Google Search Console Conversational Queries
shilpa shetty rings,1200,12,Low KD (<25%),Google Search Console Conversational Queries
shilpa shetty green ring,1200,12,Low KD (<25%),Google Search Console Conversational Queries
shilpa shetty panna ring design,1200,12,Low KD (<25%),Google Search Console Conversational Queries
shilpa shetty diamond ring,1200,12,Low KD (<25%),Google Search Console Conversational Queries
shilpa shetty panna ring,1200,12,Low KD (<25%),Google Search Console Conversational Queries
white gold ki pahchan,1200,12,Low KD (<25%),Google Search Console Conversational Queries
white gold hallmark,2660,12,Low KD (<25%),Google Search Console Conversational Queries
white gold ki pahchan kaise karen,1200,12,Low KD (<25%),Google Search Console Conversational Queries
white gold hallmarks,1200,12,Low KD (<25%),Google Search Console Conversational Queries
white gold ko kaise pahchane,1200,12,Low KD (<25%),Google Search Console Conversational Queries
how to find white gold,1200,12,Low KD (<25%),Google Search Console Conversational Queries
white gold test at home,1200,16,Low KD (<25%),Google Search Console Conversational Queries
white gold markings,1680,12,Low KD (<25%),Google Search Console Conversational Queries
real white gold,1200,12,Low KD (<25%),Google Search Console Conversational Queries
amitabh bachchan neelam ring,6020,12,Low KD (<25%),Google Search Console Conversational Queries
amitabh bachchan sapphire ring,1200,12,Low KD (<25%),Google Search Console Conversational Queries
amitabh bachchan neelam stone ring,1200,12,Low KD (<25%),Google Search Console Conversational Queries
amitabh bachchan gemstone,1435,12,Low KD (<25%),Google Search Console Conversational Queries
amitabh bachchan ring,1435,12,Low KD (<25%),Google Search Console Conversational Queries
amitabh bachchan rings,1365,12,Low KD (<25%),Google Search Console Conversational Queries
amitabh bachchan ring stone,1200,12,Low KD (<25%),Google Search Console Conversational Queries
kareena kapoor solitaire ring,1200,12,Low KD (<25%),Google Search Console Conversational Queries
kareena kapoor ring design,1200,12,Low KD (<25%),Google Search Console Conversational Queries
kareena kapoor red coral ring,1200,12,Low KD (<25%),Google Search Console Conversational Queries
kareena kapoor yellow sapphire ring,1200,12,Low KD (<25%),Google Search Console Conversational Queries
kareena kapoor ring,1200,12,Low KD (<25%),Google Search Console Conversational Queries
kareena kapoor coral ring,1200,12,Low KD (<25%),Google Search Console Conversational Queries
zoro earrings,230125,12,Low KD (<25%),Google Search Console Conversational Queries
roronoa zoro earrings,12530,12,Low KD (<25%),Google Search Console Conversational Queries
zoro earing,9870,12,Low KD (<25%),Google Search Console Conversational Queries
zoro earrings for men,24920,12,Low KD (<25%),Google Search Console Conversational Queries
zoro earring,22715,12,Low KD (<25%),Google Search Console Conversational Queries
zoro earings,17605,12,Low KD (<25%),Google Search Console Conversational Queries
zoros earrings,1925,12,Low KD (<25%),Google Search Console Conversational Queries
one piece zoro earrings,1200,12,Low KD (<25%),Google Search Console Conversational Queries
zoro earrings gold,1200,12,Low KD (<25%),Google Search Console Conversational Queries
deepika engagement ring,1200,12,Low KD (<25%),Google Search Console Conversational Queries
deepika padukone engagement ring,1200,12,Low KD (<25%),Google Search Console Conversational Queries
deepika padukone ring,1200,12,Low KD (<25%),Google Search Console Conversational Queries
deepika padukone wedding ring,1200,12,Low KD (<25%),Google Search Console Conversational Queries
top helix earrings,1200,12,Low KD (<25%),Google Search Console Conversational Queries
hailey bieber wedding ring,1200,12,Low KD (<25%),Google Search Console Conversational Queries
platinum purity,3675,12,Low KD (<25%),Google Search Console Conversational Queries
real platinum,1200,12,Low KD (<25%),Google Search Console Conversational Queries
platinum hallmark,1200,12,Low KD (<25%),Google Search Console Conversational Queries
how to identify platinum,1200,12,Low KD (<25%),Google Search Console Conversational Queries
platinum identification,1200,38,Medium KD (26-45%),Google Search Console Conversational Queries
950 hallmark,1200,30,Medium KD (26-45%),Google Search Console Conversational Queries
how to test platinum,1200,45,Medium KD (26-45%),Google Search Console Conversational Queries
platinum marks on jewelry,1200,45,Medium KD (26-45%),Google Search Console Conversational Queries
how to check platinum purity,1200,12,Low KD (<25%),Google Search Console Conversational Queries
how to identify platinum stone,1200,12,Low KD (<25%),Google Search Console Conversational Queries
platinum trend,1200,12,Low KD (<25%),Google Search Console Conversational Queries
platinum patina,37590,12,Low KD (<25%),Google Search Console Conversational Queries
patina platinum,4025,12,Low KD (<25%),Google Search Console Conversational Queries
platinum ring patina,3570,12,Low KD (<25%),Google Search Console Conversational Queries
platinum patina over time,1820,12,Low KD (<25%),Google Search Console Conversational Queries
patina on platinum ring,1200,12,Low KD (<25%),Google Search Console Conversational Queries
platinum rate today,1200,12,Low KD (<25%),Google Search Console Conversational Queries
platinum ring patina over time,1200,12,Low KD (<25%),Google Search Console Conversational Queries
platinum with patina,1200,12,Low KD (<25%),Google Search Console Conversational Queries
platinum price,1200,12,Low KD (<25%),Google Search Console Conversational Queries
patina on platinum,1200,12,Low KD (<25%),Google Search Console Conversational Queries
virat kohli ring,11830,12,Low KD (<25%),Google Search Console Conversational Queries
virat kohli engagement ring,5740,12,Low KD (<25%),Google Search Console Conversational Queries
virat kohli ring price,1200,12,Low KD (<25%),Google Search Console Conversational Queries
virat kohli engagement ring design,1200,12,Low KD (<25%),Google Search Console Conversational Queries
virat kohli platinum ring,1200,12,Low KD (<25%),Google Search Console Conversational Queries
virat kohli ring design,1200,12,Low KD (<25%),Google Search Console Conversational Queries
virat kholi ring,1200,12,Low KD (<25%),Google Search Console Conversational Queries
virat kohli wedding ring,1200,12,Low KD (<25%),Google Search Console Conversational Queries
virat ring,1200,12,Low KD (<25%),Google Search Console Conversational Queries
virat kohli gold ring,1200,12,Low KD (<25%),Google Search Console Conversational Queries
portrait cut emerald,1200,12,Low KD (<25%),Google Search Console Conversational Queries
portrait cut diamond price,1200,12,Low KD (<25%),Google Search Console Conversational Queries
portrait cut diamond,1200,25,Low KD (<25%),Google Search Console Conversational Queries
platinum chain for sale,1200,12,Low KD (<25%),Google Search Console Conversational Queries
platinum chain for men,1890,12,Low KD (<25%),Google Search Console Conversational Queries
is platinum jewellery worth buying,1200,13,Low KD (<25%),Google Search Console Conversational Queries
platinum chain for women,1200,12,Low KD (<25%),Google Search Console Conversational Queries
is platinum resale value good,1200,13,Low KD (<25%),Google Search Console Conversational Queries
platinum jewellery,1200,12,Low KD (<25%),Google Search Console Conversational Queries
is platinum good to wear,1200,12,Low KD (<25%),Google Search Console Conversational Queries
how to restore platinum ring,3605,45,Medium KD (26-45%),Google Search Console Conversational Queries
how to clean platinum,1200,45,Medium KD (26-45%),Google Search Console Conversational Queries
how to clean platinum ring,1200,45,Medium KD (26-45%),Google Search Console Conversational Queries
how to clean platinum jewelry at home,1200,45,Medium KD (26-45%),Google Search Console Conversational Queries
polishing platinum jewelry,1200,45,Medium KD (26-45%),Google Search Console Conversational Queries
can platinum tarnish,1200,45,Medium KD (26-45%),Google Search Console Conversational Queries
portrait cut diamond ring,1200,19,Low KD (<25%),Google Search Console Conversational Queries
samantha ring,1200,17,Low KD (<25%),Google Search Console Conversational Queries
gold ring price,1200,12,Low KD (<25%),Google Search Console Conversational Queries
samantha diamond ring,1200,16,Low KD (<25%),Google Search Console Conversational Queries
ring gold price,1200,12,Low KD (<25%),Google Search Console Conversational Queries
samantha busch engagement ring,1200,12,Low KD (<25%),Google Search Console Conversational Queries
chhattisgarh jewellery,1200,12,Low KD (<25%),Google Search Console Conversational Queries
minimum bracelet weight,1200,12,Low KD (<25%),Google Search Console Conversational Queries
normal gold bracelet weight,1200,12,Low KD (<25%),Google Search Console Conversational Queries
average gold bracelet weight,1200,12,Low KD (<25%),Google Search Console Conversational Queries
how much does a gold bracelet weigh,1200,12,Low KD (<25%),Google Search Console Conversational Queries
minimum grams for gold bracelet,1200,12,Low KD (<25%),Google Search Console Conversational Queries
minimum weight of gold bracelet for women,1200,12,Low KD (<25%),Google Search Console Conversational Queries
bracelet weight,1200,12,Low KD (<25%),Google Search Console Conversational Queries
gold bracelet weight for women,1200,12,Low KD (<25%),Google Search Console Conversational Queries
how many grams does a bracelet weight,1200,12,Low KD (<25%),Google Search Console Conversational Queries
gold kangan kitne gram ka hota hai,1200,12,Low KD (<25%),Google Search Console Conversational Queries
22k gold bangles designs with price,1200,12,Low KD (<25%),Google Search Console Conversational Queries
bangle weight,1200,12,Low KD (<25%),Google Search Console Conversational Queries
1 bangle how many grams,1200,12,Low KD (<25%),Google Search Console Conversational Queries
gold bangles starting weight,1200,12,Low KD (<25%),Google Search Console Conversational Queries
how many grams is a gold bangle,1200,12,Low KD (<25%),Google Search Console Conversational Queries
8 gram gold bangles designs,1200,12,Low KD (<25%),Google Search Console Conversational Queries
a bangle,1200,12,Low KD (<25%),Google Search Console Conversational Queries
anmol jewellers ludhiana,1200,12,Low KD (<25%),Google Search Console Conversational Queries
bangle price gold,1200,12,Low KD (<25%),Google Search Console Conversational Queries
average weight of mangalsutra,1200,12,Low KD (<25%),Google Search Console Conversational Queries
mangalsutra weight,1295,12,Low KD (<25%),Google Search Console Conversational Queries
normal mangalsutra weight,1200,12,Low KD (<25%),Google Search Console Conversational Queries
mangalsutra weight in grams,1200,12,Low KD (<25%),Google Search Console Conversational Queries
how much gold is required for mangalsutra,1200,12,Low KD (<25%),Google Search Console Conversational Queries
mangalya chain minimum weight,1200,12,Low KD (<25%),Google Search Console Conversational Queries
gold mangalsutra weight,1200,13,Low KD (<25%),Google Search Console Conversational Queries
gram chain gold price,1200,12,Low KD (<25%),Google Search Console Conversational Queries
minimum weight of gold mangalsutra,1200,12,Low KD (<25%),Google Search Console Conversational Queries
paila khasi necklace,1200,12,Low KD (<25%),Google Search Console Conversational Queries
khasi necklace,1200,12,Low KD (<25%),Google Search Console Conversational Queries
khasi traditional necklace,1200,12,Low KD (<25%),Google Search Console Conversational Queries
khasi jewellery,1200,19,Low KD (<25%),Google Search Console Conversational Queries
paila necklace,1200,12,Low KD (<25%),Google Search Console Conversational Queries
khasi jewellery design,1200,16,Low KD (<25%),Google Search Console Conversational Queries
paila khasi necklace price,1200,12,Low KD (<25%),Google Search Console Conversational Queries
gold pendant weight,1200,12,Low KD (<25%),Google Search Console Conversational Queries
gold earrings weight,1200,12,Low KD (<25%),Google Search Console Conversational Queries
average gold necklace weight,1200,12,Low KD (<25%),Google Search Console Conversational Queries
avg size of gold pendant,1200,12,Low KD (<25%),Google Search Console Conversational Queries
pendant weight for gold,1200,12,Low KD (<25%),Google Search Console Conversational Queries
normal gold chain price,1200,12,Low KD (<25%),Google Search Console Conversational Queries
gold necklace price,1200,12,Low KD (<25%),Google Search Console Conversational Queries
gold locket minimum weight,1200,12,Low KD (<25%),Google Search Console Conversational Queries
gold chain how many grams,2275,12,Low KD (<25%),Google Search Console Conversational Queries
normal gold chain weight,5215,12,Low KD (<25%),Google Search Console Conversational Queries
gold chain weight,4935,12,Low KD (<25%),Google Search Console Conversational Queries
normal gold chain how many grams,2030,12,Low KD (<25%),Google Search Console Conversational Queries
gold chain kitne gram ki hoti hai,1925,12,Low KD (<25%),Google Search Console Conversational Queries
one gold chain how many grams,1785,12,Low KD (<25%),Google Search Console Conversational Queries
minimum weight of gold chain for female,1365,12,Low KD (<25%),Google Search Console Conversational Queries
average gold chain weight,1295,12,Low KD (<25%),Google Search Console Conversational Queries
gold chain for men minimum weight,1200,12,Low KD (<25%),Google Search Console Conversational Queries
weight of gold chain,1200,12,Low KD (<25%),Google Search Console Conversational Queries
average weight of gold earrings,1200,12,Low KD (<25%),Google Search Console Conversational Queries
how much does a gold earring weight,1200,12,Low KD (<25%),Google Search Console Conversational Queries
earrings kitne gram ka hota hai,1200,12,Low KD (<25%),Google Search Console Conversational Queries
earring weight gold,1200,12,Low KD (<25%),Google Search Console Conversational Queries
earrings gold weight,1200,12,Low KD (<25%),Google Search Console Conversational Queries
3 gram gold earrings new design,1200,12,Low KD (<25%),Google Search Console Conversational Queries
weight of gold earrings,1200,12,Low KD (<25%),Google Search Console Conversational Queries
does waterproof jewelry tarnish,1200,45,Medium KD (26-45%),Google Search Console Conversational Queries
what is waterproof jewellery,1200,45,Medium KD (26-45%),Google Search Console Conversational Queries
how is jewellery made waterproof,1200,40,Medium KD (26-45%),Google Search Console Conversational Queries
which jewellery is waterproof,1200,45,Medium KD (26-45%),Google Search Console Conversational Queries
is alloy jewelry waterproof,1200,12,Low KD (<25%),Google Search Console Conversational Queries
ring soldering,1365,45,Medium KD (26-45%),Google Search Console Conversational Queries
have rings soldered together,1200,45,Medium KD (26-45%),Google Search Console Conversational Queries
soldered rings,1200,45,Medium KD (26-45%),Google Search Console Conversational Queries
ring solder,1200,45,Medium KD (26-45%),Google Search Console Conversational Queries
how much does it cost to solder a ring,1200,45,Medium KD (26-45%),Google Search Console Conversational Queries
solder rings together,1200,45,Medium KD (26-45%),Google Search Console Conversational Queries
soldering rings,1200,45,Medium KD (26-45%),Google Search Console Conversational Queries
how much does ring soldering cost,1200,27,Medium KD (26-45%),Google Search Console Conversational Queries
can you unsolder a ring,1200,45,Medium KD (26-45%),Google Search Console Conversational Queries
soldering ring,1200,12,Low KD (<25%),Google Search Console Conversational Queries
bluestone jewellery review,1200,12,Low KD (<25%),Google Search Console Conversational Queries
shakha pola bangles how to wear,1200,12,Low KD (<25%),Google Search Console Conversational Queries
how to wear bengali bangles,1200,12,Low KD (<25%),Google Search Console Conversational Queries
how to wear shakha pola bangles,1200,12,Low KD (<25%),Google Search Console Conversational Queries
bengali bangles how to wear,1200,12,Low KD (<25%),Google Search Console Conversational Queries
does 18kt gold tarnish,1200,13,Low KD (<25%),Google Search Console Conversational Queries
do 18k gold tarnish,1200,12,Low KD (<25%),Google Search Console Conversational Queries
does 18k gold tarnish,3185,15,Low KD (<25%),Google Search Console Conversational Queries
does 22k gold tarnish,2625,12,Low KD (<25%),Google Search Console Conversational Queries
does rose gold tarnish,1295,36,Medium KD (26-45%),Google Search Console Conversational Queries
does 22k gold turn black,1200,13,Low KD (<25%),Google Search Console Conversational Queries
does 18k rose gold tarnish,1200,12,Low KD (<25%),Google Search Console Conversational Queries
does 22 karat gold fade,1200,12,Low KD (<25%),Google Search Console Conversational Queries
18k gold colour fade,1200,12,Low KD (<25%),Google Search Console Conversational Queries
will 18k gold tarnish,1200,22,Low KD (<25%),Google Search Console Conversational Queries
oura ring,3955,12,Low KD (<25%),Google Search Console Conversational Queries
aura ring,1200,12,Low KD (<25%),Google Search Console Conversational Queries
is the oura ring worth it,1200,12,Low KD (<25%),Google Search Console Conversational Queries
oura ring 4,1200,12,Low KD (<25%),Google Search Console Conversational Queries
what does oura ring track,1200,12,Low KD (<25%),Google Search Console Conversational Queries
what is an oura ring,1200,12,Low KD (<25%),Google Search Console Conversational Queries
what does oura ring do,1200,12,Low KD (<25%),Google Search Console Conversational Queries
benefits of oura ring,1200,12,Low KD (<25%),Google Search Console Conversational Queries
how does oura ring work,1200,12,Low KD (<25%),Google Search Console Conversational Queries
oura rings,1200,12,Low KD (<25%),Google Search Console Conversational Queries
kempu stone ring,1200,12,Low KD (<25%),Google Search Console Conversational Queries
pictures of jewellery,1200,12,Low KD (<25%),Google Search Console Conversational Queries
tarakasi jewellery,1200,12,Low KD (<25%),Google Search Console Conversational Queries
tarakasi silver filigree,1200,12,Low KD (<25%),Google Search Console Conversational Queries
sensitive skin jewellery,1200,45,Medium KD (26-45%),Google Search Console Conversational Queries
cluster ring,3255,45,Medium KD (26-45%),Google Search Console Conversational Queries
diamond ring price,2800,12,Low KD (<25%),Google Search Console Conversational Queries
cluster ringe,1200,45,Medium KD (26-45%),Google Search Console Conversational Queries
cluster rings,1200,45,Medium KD (26-45%),Google Search Console Conversational Queries
diamond ring cost,1200,12,Low KD (<25%),Google Search Console Conversational Queries
how much diamond ring cost,1200,12,Low KD (<25%),Google Search Console Conversational Queries
how much does a diamond ring cost,1200,12,Low KD (<25%),Google Search Console Conversational Queries
what is diamond made of,1575,42,Medium KD (26-45%),Google Search Console Conversational Queries
what are diamonds made of,1540,36,Medium KD (26-45%),Google Search Console Conversational Queries
is diamond man made,1200,45,Medium KD (26-45%),Google Search Console Conversational Queries
what is a man made diamond,1200,45,Medium KD (26-45%),Google Search Console Conversational Queries
are diamonds natural or manmade,1200,45,Medium KD (26-45%),Google Search Console Conversational Queries
what are natural diamonds made of,1200,45,Medium KD (26-45%),Google Search Console Conversational Queries
are diamonds made of coal,1200,43,Medium KD (26-45%),Google Search Console Conversational Queries
types of bracelets,1200,45,Medium KD (26-45%),Google Search Console Conversational Queries
bracelet styles,1200,45,Medium KD (26-45%),Google Search Console Conversational Queries
bracelet types,1200,45,Medium KD (26-45%),Google Search Console Conversational Queries
platinum,1200,12,Low KD (<25%),Google Search Console Conversational Queries
platinum days of love,1200,39,Medium KD (26-45%),Google Search Console Conversational Queries
pyrite ring benefits,1200,12,Low KD (<25%),Google Search Console Conversational Queries
pyrite ring in which finger,1200,12,Low KD (<25%),Google Search Console Conversational Queries
pyrite stone ring benefits,1200,12,Low KD (<25%),Google Search Console Conversational Queries
kashmiri pandit bride earrings,1200,18,Low KD (<25%),Google Search Console Conversational Queries
pote nepali mangalsutra,1200,12,Low KD (<25%),Google Search Console Conversational Queries
mangalsutra in nepal,1200,12,Low KD (<25%),Google Search Console Conversational Queries
nepali bride mangalsutra,1200,12,Low KD (<25%),Google Search Console Conversational Queries
mangalsutra nepal,1200,13,Low KD (<25%),Google Search Console Conversational Queries
nepali wedding mangalsutra,1200,12,Low KD (<25%),Google Search Console Conversational Queries
lehenga jewellery,1200,45,Medium KD (26-45%),Google Search Console Conversational Queries
how to pack jewellery,1200,45,Medium KD (26-45%),Google Search Console Conversational Queries
bluestone jewellery box,1200,15,Low KD (<25%),Google Search Console Conversational Queries
charm hair style,1200,12,Low KD (<25%),Google Search Console Conversational Queries
haryana bridal look,1200,12,Low KD (<25%),Google Search Console Conversational Queries
borla in haryana,1200,12,Low KD (<25%),Google Search Console Conversational Queries
haryana bride look,1200,12,Low KD (<25%),Google Search Console Conversational Queries
your travelling jeweller,2485,45,Medium KD (26-45%),Google Search Console Conversational Queries
travelling jewellery,2415,45,Medium KD (26-45%),Google Search Console Conversational Queries
jewelry checklist,1200,45,Medium KD (26-45%),Google Search Console Conversational Queries
payal bluestone,1200,19,Low KD (<25%),Google Search Console Conversational Queries
bridal anklets,1200,24,Low KD (<25%),Google Search Console Conversational Queries
silver pattilu cost,1200,12,Low KD (<25%),Google Search Console Conversational Queries
ankle bracelet meaning,24185,12,Low KD (<25%),Google Search Console Conversational Queries
anklet meaning,14595,12,Low KD (<25%),Google Search Console Conversational Queries
what does an ankle bracelet mean,5530,12,Low KD (<25%),Google Search Console Conversational Queries
anklet bracelet meaning,4340,12,Low KD (<25%),Google Search Console Conversational Queries
anklets meaning,2975,16,Low KD (<25%),Google Search Console Conversational Queries
what does wearing an anklet mean,2520,12,Low KD (<25%),Google Search Console Conversational Queries
what does ankle bracelet mean,2450,12,Low KD (<25%),Google Search Console Conversational Queries
what do ankle bracelets mean,1785,12,Low KD (<25%),Google Search Console Conversational Queries
what does wearing an ankle bracelet mean,1610,12,Low KD (<25%),Google Search Console Conversational Queries
anklet means,1200,19,Low KD (<25%),Google Search Console Conversational Queries
bridal jewellery trends 2025,1200,45,Medium KD (26-45%),Google Search Console Conversational Queries
is gold a good investment for 2025,1200,45,Medium KD (26-45%),Google Search Console Conversational Queries
should i buy gold now or wait 2025,1200,45,Medium KD (26-45%),Google Search Console Conversational Queries
is gold a good investment now,1200,45,Medium KD (26-45%),Google Search Console Conversational Queries
is this a good time to buy gold,1200,45,Medium KD (26-45%),Google Search Console Conversational Queries
is gold still a good investment,1200,45,Medium KD (26-45%),Google Search Console Conversational Queries
should you invest in gold now,1200,45,Medium KD (26-45%),Google Search Console Conversational Queries
is gold a good investment in 2025,1200,45,Medium KD (26-45%),Google Search Console Conversational Queries
is gold still a good long term investment,1200,45,Medium KD (26-45%),Google Search Console Conversational Queries
should i buy gold or silver 2025,1200,45,Medium KD (26-45%),Google Search Console Conversational Queries
is gold a good investment right now,1200,45,Medium KD (26-45%),Google Search Console Conversational Queries
site:bluestone.com 1 carat lab grown diamond india price,1200,13,Low KD (<25%),Google Search Console Conversational Queries
site:bluestone.com lab grown diamond price india 1 carat,1200,15,Low KD (<25%),Google Search Console Conversational Queries
what factors should i consider before buying amazon gold coins at the current price?,1200,13,Low KD (<25%),Google Search Console Conversational Queries
coin,1200,14,Low KD (<25%),Google Search Console Conversational Queries
coins,1200,24,Low KD (<25%),Google Search Console Conversational Queries
2 gram gold coin,1200,12,Low KD (<25%),Google Search Console Conversational Queries
gold coin buying tips,1200,18,Low KD (<25%),Google Search Console Conversational Queries
1kg gold price,1200,12,Low KD (<25%),Google Search Console Conversational Queries
reasons not to buy jewellery online,1200,45,Medium KD (26-45%),Google Search Console Conversational Queries
how many red diamonds are there in the world,1200,14,Low KD (<25%),Google Search Console Conversational Queries
why are red diamonds so expensive,1200,12,Low KD (<25%),Google Search Console Conversational Queries
moussaieff red diamond price,1200,16,Low KD (<25%),Google Search Console Conversational Queries
price of red diamond in india,1200,13,Low KD (<25%),Google Search Console Conversational Queries
real red diamond,1200,45,Medium KD (26-45%),Google Search Console Conversational Queries
red diamond price,1200,45,Medium KD (26-45%),Google Search Console Conversational Queries
difference between polki and kundan jewellery,1200,12,Low KD (<25%),Google Search Console Conversational Queries
difference between kundan and polki jewellery,1200,22,Low KD (<25%),Google Search Console Conversational Queries
polki vs kundan jewellery,1200,12,Low KD (<25%),Google Search Console Conversational Queries
difference between kundan and polki jewelry,1200,12,Low KD (<25%),Google Search Console Conversational Queries
kundan vs polki jewellery,1200,12,Low KD (<25%),Google Search Console Conversational Queries
what is the difference between kundan and polki jewellery,1200,12,Low KD (<25%),Google Search Console Conversational Queries
jadau jewellery,1200,31,Medium KD (26-45%),Google Search Console Conversational Queries
what is jadau jewelry,1200,45,Medium KD (26-45%),Google Search Console Conversational Queries
jadau jewellery wikipedia,1200,13,Low KD (<25%),Google Search Console Conversational Queries
history of kada,1200,12,Low KD (<25%),Google Search Console Conversational Queries
why do indian men wear bracelets,1200,12,Low KD (<25%),Google Search Console Conversational Queries
why do people wear kada,1200,12,Low KD (<25%),Google Search Console Conversational Queries
kada is worn on which hand,1200,12,Low KD (<25%),Google Search Console Conversational Queries
why kada is worn,1200,12,Low KD (<25%),Google Search Console Conversational Queries
which hand to wear kada for male hindu,1200,12,Low KD (<25%),Google Search Console Conversational Queries
in which hand we wear kada,1200,12,Low KD (<25%),Google Search Console Conversational Queries
which hand to wear kada,1200,12,Low KD (<25%),Google Search Console Conversational Queries
why is kada worn,1200,12,Low KD (<25%),Google Search Console Conversational Queries
kada should be worn in which hand,1200,12,Low KD (<25%),Google Search Console Conversational Queries
zircon jewellery,7245,24,Low KD (<25%),Google Search Console Conversational Queries
silver zircon meaning,2205,12,Low KD (<25%),Google Search Console Conversational Queries
zircon jewelry,4690,24,Low KD (<25%),Google Search Console Conversational Queries
zircon stone jewellery,1200,20,Low KD (<25%),Google Search Console Conversational Queries
what is zircon jewellery,1200,14,Low KD (<25%),Google Search Console Conversational Queries
zircon jewellery meaning,1200,12,Low KD (<25%),Google Search Console Conversational Queries
what is zircon diamond,1200,12,Low KD (<25%),Google Search Console Conversational Queries
is it safe for babies to wear necklaces,1200,12,Low KD (<25%),Google Search Console Conversational Queries
versatile business-wear necklaces,1200,45,Medium KD (26-45%),Google Search Console Conversational Queries
indian bangles,1200,13,Low KD (<25%),Google Search Console Conversational Queries
what are indian bangles called,1200,12,Low KD (<25%),Google Search Console Conversational Queries
bangles name list,1200,12,Low KD (<25%),Google Search Console Conversational Queries
difference between chudi and kangan,1200,12,Low KD (<25%),Google Search Console Conversational Queries
indian bangles name,1200,12,Low KD (<25%),Google Search Console Conversational Queries
bangles names list,1200,12,Low KD (<25%),Google Search Console Conversational Queries
what are indian bracelets called,1200,45,Medium KD (26-45%),Google Search Console Conversational Queries
bangles names,1200,12,Low KD (<25%),Google Search Console Conversational Queries
20 cent diamond price in india,1200,12,Low KD (<25%),Google Search Console Conversational Queries
diamond price,56700,13,Low KD (<25%),Google Search Console Conversational Queries
diamond rate today,43015,12,Low KD (<25%),Google Search Console Conversational Queries
diamond rate,3115,12,Low KD (<25%),Google Search Console Conversational Queries
cost of diamond,1785,12,Low KD (<25%),Google Search Console Conversational Queries
gold silver platinum,4375,12,Low KD (<25%),Google Search Console Conversational Queries
silver gold platinum,4025,12,Low KD (<25%),Google Search Console Conversational Queries
white gold rate,2100,12,Low KD (<25%),Google Search Console Conversational Queries
white gold platinum price,1680,12,Low KD (<25%),Google Search Console Conversational Queries
gold silver and platinum,1365,12,Low KD (<25%),Google Search Console Conversational Queries
white gold or platinum which is more expensive,1200,12,Low KD (<25%),Google Search Console Conversational Queries
white gold platinum,1200,12,Low KD (<25%),Google Search Console Conversational Queries
white gold vs platinum price in india,1200,12,Low KD (<25%),Google Search Console Conversational Queries
gold silver platinum which is more expensive,1200,12,Low KD (<25%),Google Search Console Conversational Queries
platinum vs gold vs silver,1200,12,Low KD (<25%),Google Search Console Conversational Queries
right side nose pin benefits,1200,12,Low KD (<25%),Google Search Console Conversational Queries
very slightly included diamonds,1200,45,Medium KD (26-45%),Google Search Console Conversational Queries
slightly included diamonds,1200,45,Medium KD (26-45%),Google Search Console Conversational Queries
hsn code silver ornaments,1200,12,Low KD (<25%),Google Search Console Conversational Queries
silver ornaments hsn code,12320,14,Low KD (<25%),Google Search Console Conversational Queries
silver jewellery hsn code,8015,12,Low KD (<25%),Google Search Console Conversational Queries
jewellery hsn code,6790,12,Low KD (<25%),Google Search Console Conversational Queries
silver jewellery hsn,2905,12,Low KD (<25%),Google Search Console Conversational Queries
hsn code for silver ornaments,2240,22,Low KD (<25%),Google Search Console Conversational Queries
gold jewellery hsn code,1995,32,Medium KD (26-45%),Google Search Console Conversational Queries
hsn code for silver jewellery,1505,12,Low KD (<25%),Google Search Console Conversational Queries
hsn code for jewellery,1260,12,Low KD (<25%),Google Search Console Conversational Queries
hsn code of silver ornaments,1200,42,Medium KD (26-45%),Google Search Console Conversational Queries
white gold rate today,19425,12,Low KD (<25%),Google Search Console Conversational Queries
is white gold valuable,1200,45,Medium KD (26-45%),Google Search Console Conversational Queries
white gold price today in delhi,1200,12,Low KD (<25%),Google Search Console Conversational Queries
white gold,60340,12,Low KD (<25%),Google Search Console Conversational Queries
white gold price,7980,12,Low KD (<25%),Google Search Console Conversational Queries
white gold resale value,4865,14,Low KD (<25%),Google Search Console Conversational Queries
white gold price today,3185,12,Low KD (<25%),Google Search Console Conversational Queries
what is white gold,2905,44,Medium KD (26-45%),Google Search Console Conversational Queries
white gold near me,2485,12,Low KD (<25%),Google Search Console Conversational Queries
bracelet vs bangle,3885,13,Low KD (<25%),Google Search Console Conversational Queries
bangle and bracelet difference,1200,12,Low KD (<25%),Google Search Console Conversational Queries
bangle vs bracelet,3710,12,Low KD (<25%),Google Search Console Conversational Queries
bangles vs bracelet,1295,12,Low KD (<25%),Google Search Console Conversational Queries
difference between bracelet and bangle,1200,12,Low KD (<25%),Google Search Console Conversational Queries
difference between bangle and bracelet,1200,12,Low KD (<25%),Google Search Console Conversational Queries
difference between a bangle and a bracelet,1200,12,Low KD (<25%),Google Search Console Conversational Queries
what is the difference between bracelet and bangle,1200,12,Low KD (<25%),Google Search Console Conversational Queries
bangle and bangle,1200,45,Medium KD (26-45%),Google Search Console Conversational Queries
bracelet or bangle,1200,12,Low KD (<25%),Google Search Console Conversational Queries
different types of bangles,1200,12,Low KD (<25%),Google Search Console Conversational Queries
types of bangles,1200,12,Low KD (<25%),Google Search Console Conversational Queries
bangles types,1200,12,Low KD (<25%),Google Search Console Conversational Queries
bangle designs,1200,12,Low KD (<25%),Google Search Console Conversational Queries
trending bangles set for women,1200,12,Low KD (<25%),Google Search Console Conversational Queries
bangle types,1200,12,Low KD (<25%),Google Search Console Conversational Queries
bangle varieties,1200,12,Low KD (<25%),Google Search Console Conversational Queries
bangles styling ideas,1200,12,Low KD (<25%),Google Search Console Conversational Queries
types of bangle designs,1200,12,Low KD (<25%),Google Search Console Conversational Queries
bluestone silver coin,1200,12,Low KD (<25%),Google Search Console Conversational Queries
bangle meaning,19670,12,Low KD (<25%),Google Search Console Conversational Queries
what is a bangle,19390,12,Low KD (<25%),Google Search Console Conversational Queries
bangles meaning,18305,12,Low KD (<25%),Google Search Console Conversational Queries
bangle definition,4130,12,Low KD (<25%),Google Search Console Conversational Queries
what are bangles,3430,12,Low KD (<25%),Google Search Console Conversational Queries
bangles,2870,12,Low KD (<25%),Google Search Console Conversational Queries
define bangle,2800,33,Medium KD (26-45%),Google Search Console Conversational Queries
bangle,2660,12,Low KD (<25%),Google Search Console Conversational Queries
whats a bangle,2030,12,Low KD (<25%),Google Search Console Conversational Queries
karwa chauth gift for wife in gold,1200,45,Medium KD (26-45%),Google Search Console Conversational Queries
best gold bracelet for men,1200,12,Low KD (<25%),Google Search Console Conversational Queries
jewellery gift for husband,2415,45,Medium KD (26-45%),Google Search Console Conversational Queries
7 bangles meaning,1200,12,Low KD (<25%),Google Search Console Conversational Queries
how many bangles to wear indian,1200,13,Low KD (<25%),Google Search Console Conversational Queries
how to wear indian bangles,1200,12,Low KD (<25%),Google Search Console Conversational Queries
lakshmi kasu bangles,1200,12,Low KD (<25%),Google Search Console Conversational Queries
shree bangles,1200,12,Low KD (<25%),Google Search Console Conversational Queries
how many bangles to wear,1855,12,Low KD (<25%),Google Search Console Conversational Queries
how many bangles should a married woman wear,1680,12,Low KD (<25%),Google Search Console Conversational Queries
kashmiri bangles,1365,12,Low KD (<25%),Google Search Console Conversational Queries
7 gold bangles,1200,12,Low KD (<25%),Google Search Console Conversational Queries
what are huggie earrings,2345,45,Medium KD (26-45%),Google Search Console Conversational Queries
huggie earrings,1200,12,Low KD (<25%),Google Search Console Conversational Queries
huggie hoop earrings,1200,12,Low KD (<25%),Google Search Console Conversational Queries
huggies earrings,1200,12,Low KD (<25%),Google Search Console Conversational Queries
silver huggie earrings,1200,12,Low KD (<25%),Google Search Console Conversational Queries
what does huggie mean in earrings?,1200,12,Low KD (<25%),Google Search Console Conversational Queries
genz earrings,1200,12,Low KD (<25%),Google Search Console Conversational Queries
how to prevent earring infection,1200,45,Medium KD (26-45%),Google Search Console Conversational Queries
can tight earrings cause infection,1200,45,Medium KD (26-45%),Google Search Console Conversational Queries
18g vs 20g earrings,1200,12,Low KD (<25%),Google Search Console Conversational Queries
earrings without piercing called,1200,12,Low KD (<25%),Google Search Console Conversational Queries
earrings without piercing are called,1200,17,Low KD (<25%),Google Search Console Conversational Queries
how to wear earrings without piercing,1200,12,Low KD (<25%),Google Search Console Conversational Queries
can you wear clip on earrings with pierced ears,1200,45,Medium KD (26-45%),Google Search Console Conversational Queries
temporary piercing earrings,1200,15,Low KD (<25%),Google Search Console Conversational Queries
earrings to wear without ear piercing,1200,12,Low KD (<25%),Google Search Console Conversational Queries
how to wear earring without piercing,1200,12,Low KD (<25%),Google Search Console Conversational Queries
how to.wear jhumka without ear piercing,1200,12,Low KD (<25%),Google Search Console Conversational Queries
solitaire diamond ring,1200,12,Low KD (<25%),Google Search Console Conversational Queries
solitaire ring,1200,12,Low KD (<25%),Google Search Console Conversational Queries
diamond and solitaire difference,1200,12,Low KD (<25%),Google Search Console Conversational Queries
solitaire diamond is real diamond,1200,12,Low KD (<25%),Google Search Console Conversational Queries
what is solitaire diamond,1200,12,Low KD (<25%),Google Search Console Conversational Queries
interesting facts about diamonds,1200,45,Medium KD (26-45%),Google Search Console Conversational Queries
gold calculation formula,1200,34,Medium KD (26-45%),Google Search Console Conversational Queries
how gold value is calculated,1295,36,Medium KD (26-45%),Google Search Console Conversational Queries
how to calculate 22 carat gold rate,1200,33,Medium KD (26-45%),Google Search Console Conversational Queries
gold rate today in kolkata,1200,12,Low KD (<25%),Google Search Console Conversational Queries
how to calculate gold price for jewelry,1200,45,Medium KD (26-45%),Google Search Console Conversational Queries
how to calculate 22k gold rate from 24k,1200,12,Low KD (<25%),Google Search Console Conversational Queries
how to calculate gold rate,1200,30,Medium KD (26-45%),Google Search Console Conversational Queries
earring piercing types,1200,12,Low KD (<25%),Google Search Console Conversational Queries
types of ear jewellery,1200,12,Low KD (<25%),Google Search Console Conversational Queries
type of ear jewellery,1200,12,Low KD (<25%),Google Search Console Conversational Queries
gold price in india state wise,1200,12,Low KD (<25%),Google Search Console Conversational Queries
which indian cities have the highest or lowest gold rate today?,1200,15,Low KD (<25%),Google Search Console Conversational Queries
which state has lowest gold rate in india,1200,21,Low KD (<25%),Google Search Console Conversational Queries
why gold is cheaper in kerala,1200,12,Low KD (<25%),Google Search Console Conversational Queries
why gold is expensive in india,1200,15,Low KD (<25%),Google Search Console Conversational Queries
gold rate today state wise,1200,12,Low KD (<25%),Google Search Console Conversational Queries
which country is lowest gold rate,1200,12,Low KD (<25%),Google Search Console Conversational Queries
why is indian gold so cheap,1200,13,Low KD (<25%),Google Search Console Conversational Queries
nose boring,1200,12,Low KD (<25%),Google Search Console Conversational Queries
silver chain,1200,12,Low KD (<25%),Google Search Console Conversational Queries
3 gram gold ring price today 22 carat,1200,12,Low KD (<25%),Google Search Console Conversational Queries
belly chain origin,1200,12,Low KD (<25%),Google Search Console Conversational Queries
waist chain,1200,12,Low KD (<25%),Google Search Console Conversational Queries
waist chain history,1200,12,Low KD (<25%),Google Search Console Conversational Queries
waist chain meaning,1200,12,Low KD (<25%),Google Search Console Conversational Queries
waist chain meaning in hindi,1200,12,Low KD (<25%),Google Search Console Conversational Queries
waist chains origin,1200,19,Low KD (<25%),Google Search Console Conversational Queries
indian waist chain meaning,1200,12,Low KD (<25%),Google Search Console Conversational Queries
pyrite bracelet,3255,12,Low KD (<25%),Google Search Console Conversational Queries
pyrite anklet,1680,12,Low KD (<25%),Google Search Console Conversational Queries
pyrite bracelet benefits,1680,34,Medium KD (26-45%),Google Search Console Conversational Queries
pyrite anklet benefits,1645,12,Low KD (<25%),Google Search Console Conversational Queries
gold pyrite bracelet,1200,16,Low KD (<25%),Google Search Console Conversational Queries
pyrite bracelet for men,1200,12,Low KD (<25%),Google Search Console Conversational Queries
morse code bracelet,1200,12,Low KD (<25%),Google Search Console Conversational Queries
morse code bracelet for men,1200,12,Low KD (<25%),Google Search Console Conversational Queries
gold gift for parents,1200,45,Medium KD (26-45%),Google Search Console Conversational Queries
silver jubilee,1200,12,Low KD (<25%),Google Search Console Conversational Queries
gifts for men who are hard to buy for,1200,12,Low KD (<25%),Google Search Console Conversational Queries
anniversary jewellery for her,1225,45,Medium KD (26-45%),Google Search Console Conversational Queries
anniversary jewellery gifts,1200,45,Medium KD (26-45%),Google Search Console Conversational Queries
jewellery anniversary gifts,1200,45,Medium KD (26-45%),Google Search Console Conversational Queries
anniversary jewellery,1200,45,Medium KD (26-45%),Google Search Console Conversational Queries
anniversary jewellery gift,1200,45,Medium KD (26-45%),Google Search Console Conversational Queries
anniversary jewellery gifts for her,1200,45,Medium KD (26-45%),Google Search Console Conversational Queries
luxury jewellery gift ideas for anniversaries,1200,45,Medium KD (26-45%),Google Search Console Conversational Queries
good luck ring for money,1200,14,Low KD (<25%),Google Search Console Conversational Queries
money stone ring,1200,12,Low KD (<25%),Google Search Console Conversational Queries
ring for wealth and prosperity,1200,12,Low KD (<25%),Google Search Console Conversational Queries
lucky stone ring,1200,15,Low KD (<25%),Google Search Console Conversational Queries
elephant hair ring,1200,12,Low KD (<25%),Google Search Console Conversational Queries
ring for luck,1200,18,Low KD (<25%),Google Search Console Conversational Queries
ring on finger meaning,1200,12,Low KD (<25%),Google Search Console Conversational Queries
rings for good luck,1200,12,Low KD (<25%),Google Search Console Conversational Queries
rings for luck,1200,13,Low KD (<25%),Google Search Console Conversational Queries
snake ring,1200,12,Low KD (<25%),Google Search Console Conversational Queries
weighing diamonds,1200,16,Low KD (<25%),Google Search Console Conversational Queries
how many carats is a 3mm diamond,1200,12,Low KD (<25%),Google Search Console Conversational Queries
diamond size chart,13790,12,Low KD (<25%),Google Search Console Conversational Queries
diamond carat chart,4480,15,Low KD (<25%),Google Search Console Conversational Queries
diamond carat size chart,2730,16,Low KD (<25%),Google Search Console Conversational Queries
diamond size,2310,45,Medium KD (26-45%),Google Search Console Conversational Queries
carat vs mm,1200,18,Low KD (<25%),Google Search Console Conversational Queries
what is carat diamond,1200,29,Medium KD (26-45%),Google Search Console Conversational Queries
diamond sizes,1200,39,Medium KD (26-45%),Google Search Console Conversational Queries
diamond carat size guide,1200,12,Low KD (<25%),Google Search Console Conversational Queries
diamond inclusions,1200,45,Medium KD (26-45%),Google Search Console Conversational Queries
diamond inclusion,1200,45,Medium KD (26-45%),Google Search Console Conversational Queries
diamond transparency,1200,45,Medium KD (26-45%),Google Search Console Conversational Queries
diamonds transparency,1200,45,Medium KD (26-45%),Google Search Console Conversational Queries
inclusions in diamonds,1200,45,Medium KD (26-45%),Google Search Console Conversational Queries
inclusions on diamonds,1200,45,Medium KD (26-45%),Google Search Console Conversational Queries
included diamond,1200,12,Low KD (<25%),Google Search Console Conversational Queries
included diamonds,1200,12,Low KD (<25%),Google Search Console Conversational Queries
bluestone 9kt gold,1200,12,Low KD (<25%),Google Search Console Conversational Queries
blue stone 9 carat jewellery,1200,12,Low KD (<25%),Google Search Console Conversational Queries
9 kt gold purity,4830,12,Low KD (<25%),Google Search Console Conversational Queries
bluestone 9 carat jewellery,1200,12,Low KD (<25%),Google Search Console Conversational Queries
bluestone 9k gold jewellery,1200,12,Low KD (<25%),Google Search Console Conversational Queries
9 carat gold details,1200,15,Low KD (<25%),Google Search Console Conversational Queries
9kt gold price,1200,12,Low KD (<25%),Google Search Console Conversational Queries
9 carat gold purity,6685,12,Low KD (<25%),Google Search Console Conversational Queries
9kt gold purity,6650,12,Low KD (<25%),Google Search Console Conversational Queries
9 carat gold hallmark,5565,12,Low KD (<25%),Google Search Console Conversational Queries
diamond,1200,12,Low KD (<25%),Google Search Console Conversational Queries
gia certified diamond india,1200,26,Medium KD (26-45%),Google Search Console Conversational Queries
igi certification charges,1200,12,Low KD (<25%),Google Search Console Conversational Queries
best diamond certification in india,1200,45,Medium KD (26-45%),Google Search Console Conversational Queries
gold gst rate,3185,45,Medium KD (26-45%),Google Search Console Conversational Queries
gold gst,1200,45,Medium KD (26-45%),Google Search Console Conversational Queries
gst on gold jewelry,1200,45,Medium KD (26-45%),Google Search Console Conversational Queries
new gst rate on gold jewellery,1200,45,Medium KD (26-45%),Google Search Console Conversational Queries
gold gst after 22 september,1200,45,Medium KD (26-45%),Google Search Console Conversational Queries
gold gst rate in india,1200,45,Medium KD (26-45%),Google Search Console Conversational Queries
gst on gold ornaments,1200,45,Medium KD (26-45%),Google Search Console Conversational Queries
tortoise ring in which finger for female,44310,12,Low KD (<25%),Google Search Console Conversational Queries
tortoise ring in which finger for male,51310,12,Low KD (<25%),Google Search Console Conversational Queries
turtle ring for women in which finger,12460,12,Low KD (<25%),Google Search Console Conversational Queries
silver tortoise ring in which finger for female,4585,12,Low KD (<25%),Google Search Console Conversational Queries
how to wear tortoise ring,3115,12,Low KD (<25%),Google Search Console Conversational Queries
who should not wear tortoise ring,1960,12,Low KD (<25%),Google Search Console Conversational Queries
tortoise ring benefits,13055,12,Low KD (<25%),Google Search Console Conversational Queries
kachua ring silver wear in which finger,5320,12,Low KD (<25%),Google Search Console Conversational Queries
tortoise ring benefits for female,3465,12,Low KD (<25%),Google Search Console Conversational Queries
how to wear a turtle ring,1200,12,Low KD (<25%),Google Search Console Conversational Queries
kohinoor diamond price,532035,12,Low KD (<25%),Google Search Console Conversational Queries
kohinoor diamond price in rupees,118685,12,Low KD (<25%),Google Search Console Conversational Queries
kohinoor diamond price in indian rupees,37450,12,Low KD (<25%),Google Search Console Conversational Queries
kohinoor diamond price in rupees in words,15190,12,Low KD (<25%),Google Search Console Conversational Queries
what is the price of kohinoor diamond in indian rupees,26915,12,Low KD (<25%),Google Search Console Conversational Queries
kohinoor diamond price in india,17255,12,Low KD (<25%),Google Search Console Conversational Queries
where is kohinoor diamond now,47390,13,Low KD (<25%),Google Search Console Conversational Queries
kohinoor diamond worth,47215,12,Low KD (<25%),Google Search Console Conversational Queries
ashtadhatu ring,46620,15,Low KD (<25%),Google Search Console Conversational Queries
panchdhatu ring,61495,14,Low KD (<25%),Google Search Console Conversational Queries
panchdhatu ring wear in which finger male,2415,12,Low KD (<25%),Google Search Console Conversational Queries
panchdhatu ring wear in which finger female,2660,12,Low KD (<25%),Google Search Console Conversational Queries
panch dhatu ring,16800,15,Low KD (<25%),Google Search Console Conversational Queries
ashtadhatu ring which finger for male,1200,12,Low KD (<25%),Google Search Console Conversational Queries
panchadhatu ring,12460,12,Low KD (<25%),Google Search Console Conversational Queries
panchdhatu ring benefits,7595,12,Low KD (<25%),Google Search Console Conversational Queries
ashtadhatu ring for men,6545,12,Low KD (<25%),Google Search Console Conversational Queries
elephant hair ring benefits,27055,12,Low KD (<25%),Google Search Console Conversational Queries
elephant hair ring benefits for male,2240,12,Low KD (<25%),Google Search Console Conversational Queries
elephant tail ring,14770,12,Low KD (<25%),Google Search Console Conversational Queries
elephant tail hair ring,3185,12,Low KD (<25%),Google Search Console Conversational Queries
elephant hair ring benefits for female,2660,12,Low KD (<25%),Google Search Console Conversational Queries
elephant hair ring for men,2310,14,Low KD (<25%),Google Search Console Conversational Queries
benefits of wearing elephant hair ring,1200,12,Low KD (<25%),Google Search Console Conversational Queries
original elephant hair ring,1200,12,Low KD (<25%),Google Search Console Conversational Queries
elephant hair ring gold,1200,14,Low KD (<25%),Google Search Console Conversational Queries
gold ring weight,9240,12,Low KD (<25%),Google Search Console Conversational Queries
gold ring weight for women,2135,12,Low KD (<25%),Google Search Console Conversational Queries
average weight of gold ring,1365,12,Low KD (<25%),Google Search Console Conversational Queries
normal gold ring weight,4165,12,Low KD (<25%),Google Search Console Conversational Queries
gold ring weight for men,3675,12,Low KD (<25%),Google Search Console Conversational Queries
gold ring how many grams,2380,12,Low KD (<25%),Google Search Console Conversational Queries
ring kitne gram ki hoti hai,2065,12,Low KD (<25%),Google Search Console Conversational Queries
minimum gold ring weight,1610,13,Low KD (<25%),Google Search Console Conversational Queries
average weight of a gold ring in grams,1295,12,Low KD (<25%),Google Search Console Conversational Queries
gold ring average weight,1200,12,Low KD (<25%),Google Search Console Conversational Queries
meaning of rings on each finger,20335,12,Low KD (<25%),Google Search Console Conversational Queries
ring meaning,36190,12,Low KD (<25%),Google Search Console Conversational Queries
ring fingers,8995,12,Low KD (<25%),Google Search Console Conversational Queries
ring wearing meaning,3080,12,Low KD (<25%),Google Search Console Conversational Queries
which fingers to wear rings on,2485,12,Low KD (<25%),Google Search Console Conversational Queries
meaning of ring on each finger,26110,12,Low KD (<25%),Google Search Console Conversational Queries
finger rings and their meaning in relationship,9730,12,Low KD (<25%),Google Search Console Conversational Queries
ring meaning for each finger,8855,12,Low KD (<25%),Google Search Console Conversational Queries
meaning of wearing rings on different fingers,8085,12,Low KD (<25%),Google Search Console Conversational Queries
what do rings on different fingers mean,7455,12,Low KD (<25%),Google Search Console Conversational Queries
bluestone ring sizer,1200,12,Low KD (<25%),Google Search Console Conversational Queries
bluestone ring size,1200,12,Low KD (<25%),Google Search Console Conversational Queries
ring size chart in cm,18130,12,Low KD (<25%),Google Search Console Conversational Queries
1.7 cm ring size in india,1200,12,Low KD (<25%),Google Search Console Conversational Queries
5.75 cm ring size,1200,12,Low KD (<25%),Google Search Console Conversational Queries
ring size chart,26880,12,Low KD (<25%),Google Search Console Conversational Queries
side effects of wearing diamond,6090,12,Low KD (<25%),Google Search Console Conversational Queries
side effects of wearing diamond in astrology,4130,12,Low KD (<25%),Google Search Console Conversational Queries
diamond can be worn by anyone,1200,12,Low KD (<25%),Google Search Console Conversational Queries
can everyone wear diamond,2905,12,Low KD (<25%),Google Search Console Conversational Queries
who can wear diamond according to astrology,6720,12,Low KD (<25%),Google Search Console Conversational Queries
which rashi can wear diamond,5635,15,Low KD (<25%),Google Search Console Conversational Queries
is diamond suitable for everyone,1200,12,Low KD (<25%),Google Search Console Conversational Queries
does diamond suit everyone,1200,12,Low KD (<25%),Google Search Console Conversational Queries
diamond side effects,1200,12,Low KD (<25%),Google Search Console Conversational Queries
baby gold bangles,70805,12,Low KD (<25%),Google Search Console Conversational Queries
gold bangles for baby girl,69265,12,Low KD (<25%),Google Search Console Conversational Queries
gold kada for baby girl,13580,12,Low KD (<25%),Google Search Console Conversational Queries
22k gold bangles for baby girl,21280,12,Low KD (<25%),Google Search Console Conversational Queries
gold bangles for baby,15120,12,Low KD (<25%),Google Search Console Conversational Queries
gold bangle for baby,7385,12,Low KD (<25%),Google Search Console Conversational Queries
baby bangles,179935,12,Low KD (<25%),Google Search Console Conversational Queries
bangles for baby girl,76790,12,Low KD (<25%),Google Search Console Conversational Queries
baby bangle,32690,12,Low KD (<25%),Google Search Console Conversational Queries
baby bangle gold,14560,12,Low KD (<25%),Google Search Console Conversational Queries
which finger to wear navaratna ring male,3045,12,Low KD (<25%),Google Search Console Conversational Queries
navaratna ring for men,2135,12,Low KD (<25%),Google Search Console Conversational Queries
navagraha ring benefits,1960,12,Low KD (<25%),Google Search Console Conversational Queries
navaratna ring,1925,12,Low KD (<25%),Google Search Console Conversational Queries
which finger to wear navaratna ring female,1200,12,Low KD (<25%),Google Search Console Conversational Queries
navaratna ring for gents which finger,4480,12,Low KD (<25%),Google Search Console Conversational Queries
navaratna ring for ladies which finger,2590,12,Low KD (<25%),Google Search Console Conversational Queries
which rashi can wear navaratna ring for male,1200,12,Low KD (<25%),Google Search Console Conversational Queries
navgrah ring in which finger,1200,12,Low KD (<25%),Google Search Console Conversational Queries
how to wear lapis lazuli ring,1200,12,Low KD (<25%),Google Search Console Conversational Queries
lapis lazuli ring in which finger for female,2345,12,Low KD (<25%),Google Search Console Conversational Queries
which finger to wear lapis lazuli ring,1200,12,Low KD (<25%),Google Search Console Conversational Queries
which hand to wear lapis lazuli bracelet,1200,12,Low KD (<25%),Google Search Console Conversational Queries
how to wear lapis lazuli bracelet for female,1200,13,Low KD (<25%),Google Search Console Conversational Queries
which finger to wear diamond ring as per astrology male,4970,12,Low KD (<25%),Google Search Console Conversational Queries
which finger to wear diamond ring as per astrology female,3220,14,Low KD (<25%),Google Search Console Conversational Queries
diamond konsi ungli mein pehna chahiye,1200,12,Low KD (<25%),Google Search Console Conversational Queries
diamond kis finger me dharan karna chahiye,1200,12,Low KD (<25%),Google Search Console Conversational Queries
diamond ki ring kis ungli mein pehna chahiye,1200,12,Low KD (<25%),Google Search Console Conversational Queries
which finger to wear diamond ring,1200,14,Low KD (<25%),Google Search Console Conversational Queries
diamond price calculator india,6370,13,Low KD (<25%),Google Search Console Conversational Queries
tanishq diamond price calculator india,1200,12,Low KD (<25%),Google Search Console Conversational Queries
how to calculate diamond price in india,1200,12,Low KD (<25%),Google Search Console Conversational Queries
diamond rate calculator india,1200,12,Low KD (<25%),Google Search Console Conversational Queries
how to calculate diamond ring price,1200,13,Low KD (<25%),Google Search Console Conversational Queries
diamond calculator india,1200,12,Low KD (<25%),Google Search Console Conversational Queries
diamond price calculator,1200,12,Low KD (<25%),Google Search Console Conversational Queries
how to know diamond price,1200,15,Low KD (<25%),Google Search Console Conversational Queries
natural diamond price calculator,1200,15,Low KD (<25%),Google Search Console Conversational Queries
which finger to wear amethyst ring for female,1260,12,Low KD (<25%),Google Search Console Conversational Queries
amethyst ring in which finger,1200,12,Low KD (<25%),Google Search Console Conversational Queries
how to wear amethyst ring,1200,12,Low KD (<25%),Google Search Console Conversational Queries
amethyst ring for women,1200,12,Low KD (<25%),Google Search Console Conversational Queries
where to wear amethyst ring,1200,12,Low KD (<25%),Google Search Console Conversational Queries
which finger to wear amethyst ring,1200,12,Low KD (<25%),Google Search Console Conversational Queries
amethyst ring benefits,1200,12,Low KD (<25%),Google Search Console Conversational Queries
when to wear amethyst bracelet,1200,12,Low KD (<25%),Google Search Console Conversational Queries
which day to wear firoza gemstone,1200,12,Low KD (<25%),Google Search Console Conversational Queries
which finger to wear feroza ring for female,1200,12,Low KD (<25%),Google Search Console Conversational Queries
virat kohli earrings style,8260,12,Low KD (<25%),Google Search Console Conversational Queries
male celebrities wearing earrings,1200,12,Low KD (<25%),Google Search Console Conversational Queries
virat kohli ear studs,1200,12,Low KD (<25%),Google Search Console Conversational Queries
virat kohli earrings price,1200,12,Low KD (<25%),Google Search Console Conversational Queries
virat kohli style earrings,1225,12,Low KD (<25%),Google Search Console Conversational Queries
virat kohli earrings design,1200,12,Low KD (<25%),Google Search Console Conversational Queries
in which ear virat kohli wear earrings,1200,15,Low KD (<25%),Google Search Console Conversational Queries
virat kohli earring style,1200,12,Low KD (<25%),Google Search Console Conversational Queries
which finger to wear ring for single female,29400,12,Low KD (<25%),Google Search Console Conversational Queries
single ring placement,1200,12,Low KD (<25%),Google Search Console Conversational Queries
ring placement meaning,1200,12,Low KD (<25%),Google Search Console Conversational Queries
where should i put my ring if i'm single,1200,12,Low KD (<25%),Google Search Console Conversational Queries
can you wear a ring on your ring finger without being married,1200,12,Low KD (<25%),Google Search Console Conversational Queries
finger rings and their significance,1200,12,Low KD (<25%),Google Search Console Conversational Queries
heiratsring rechts oder links,1200,12,Low KD (<25%),Google Search Console Conversational Queries
ring on middle finger meaning,2800,12,Low KD (<25%),Google Search Console Conversational Queries
middle finger ring meaning,2485,12,Low KD (<25%),Google Search Console Conversational Queries
triangle moonga ring design,2345,12,Low KD (<25%),Google Search Console Conversational Queries
triangle moonga ring benefits,1200,12,Low KD (<25%),Google Search Console Conversational Queries
how to wear triangle red coral ring,1200,12,Low KD (<25%),Google Search Console Conversational Queries
coral triangle ring,1200,12,Low KD (<25%),Google Search Console Conversational Queries
how to wear moonga ring,2905,12,Low KD (<25%),Google Search Console Conversational Queries
red coral triangle ring,1435,12,Low KD (<25%),Google Search Console Conversational Queries
how to wear mangal ring,1200,12,Low KD (<25%),Google Search Console Conversational Queries
aishwarya rai ring,15225,12,Low KD (<25%),Google Search Console Conversational Queries
aishwarya rai ring design,9065,12,Low KD (<25%),Google Search Console Conversational Queries
aishwarya rai vanki ring,7980,12,Low KD (<25%),Google Search Console Conversational Queries
aishwarya vanki ring,1400,12,Low KD (<25%),Google Search Console Conversational Queries
aishwarya rai v shape ring,1200,12,Low KD (<25%),Google Search Console Conversational Queries
vanki ring gold,1200,12,Low KD (<25%),Google Search Console Conversational Queries
vanki ring aishwarya,1200,12,Low KD (<25%),Google Search Console Conversational Queries
aishwarya rai ring v shaped,1200,12,Low KD (<25%),Google Search Console Conversational Queries
aishwarya rai engagement ring,3255,12,Low KD (<25%),Google Search Console Conversational Queries
stones for rings as per astrology,4130,12,Low KD (<25%),Google Search Console Conversational Queries
wearing moonstone,2030,12,Low KD (<25%),Google Search Console Conversational Queries
kdm gold means,79380,12,Low KD (<25%),Google Search Console Conversational Queries
cadmium gold,7910,12,Low KD (<25%),Google Search Console Conversational Queries
kdm in gold means,6475,13,Low KD (<25%),Google Search Console Conversational Queries
kdm full form in gold,5740,12,Low KD (<25%),Google Search Console Conversational Queries
kdm gold purity percentage,3430,12,Low KD (<25%),Google Search Console Conversational Queries
hallmark gold means,2555,12,Low KD (<25%),Google Search Console Conversational Queries
non kdm gold means,1200,19,Low KD (<25%),Google Search Console Conversational Queries
kdm jewellery purity,1200,12,Low KD (<25%),Google Search Console Conversational Queries
is kdm gold 22k or 24k,1200,12,Low KD (<25%),Google Search Console Conversational Queries
nose ring vs nose pin,1925,12,Low KD (<25%),Google Search Console Conversational Queries
nose ring or nose pin which is better,1200,12,Low KD (<25%),Google Search Console Conversational Queries
chubby face nose ring for round face,1200,12,Low KD (<25%),Google Search Console Conversational Queries
diamond nose pin,1200,12,Low KD (<25%),Google Search Console Conversational Queries
nose pin vs nose ring,2450,12,Low KD (<25%),Google Search Console Conversational Queries
difference between nose pin and nose ring,1200,12,Low KD (<25%),Google Search Console Conversational Queries
nose pin and nose ring difference,1200,12,Low KD (<25%),Google Search Console Conversational Queries
nose ring and nose pin difference,1200,12,Low KD (<25%),Google Search Console Conversational Queries
nose pin or nose ring difference,1200,12,Low KD (<25%),Google Search Console Conversational Queries
nose ring or nose pin which is better for round face,1200,12,Low KD (<25%),Google Search Console Conversational Queries
blue stone lab grown diamond,1200,12,Low KD (<25%),Google Search Console Conversational Queries
lab grown diamond rings bluestone,1200,12,Low KD (<25%),Google Search Console Conversational Queries
bluestone lab grown diamonds,4795,12,Low KD (<25%),Google Search Console Conversational Queries
bluestone lab grown diamond,3150,12,Low KD (<25%),Google Search Console Conversational Queries
is bluestone lab grown diamond,1200,12,Low KD (<25%),Google Search Console Conversational Queries
bluestone jewellery lab grown diamonds,1200,12,Low KD (<25%),Google Search Console Conversational Queries
bluestone is lab grown diamonds,1200,12,Low KD (<25%),Google Search Console Conversational Queries
july birthstone,1856785,12,Low KD (<25%),Google Search Console Conversational Queries
what is july's birthstone,47600,12,Low KD (<25%),Google Search Console Conversational Queries
july stone birthstone,20020,12,Low KD (<25%),Google Search Console Conversational Queries
what stone is july birthstone,1200,12,Low KD (<25%),Google Search Console Conversational Queries
birthstone july,63595,12,Low KD (<25%),Google Search Console Conversational Queries
birthstone for july,62230,12,Low KD (<25%),Google Search Console Conversational Queries
what is the birthstone for july,37380,12,Low KD (<25%),Google Search Console Conversational Queries
diamond for which rashi,1200,12,Low KD (<25%),Google Search Console Conversational Queries
which zodiac sign can wear diamond,1200,12,Low KD (<25%),Google Search Console Conversational Queries
which zodiac sign should not wear diamond,1200,12,Low KD (<25%),Google Search Console Conversational Queries
who should not wear diamond according to astrology,1200,12,Low KD (<25%),Google Search Console Conversational Queries
is diamond suitable for makara rashi,1200,12,Low KD (<25%),Google Search Console Conversational Queries
can makara rashi wear diamond,1365,15,Low KD (<25%),Google Search Console Conversational Queries
diamond suitable for which rashi,1200,12,Low KD (<25%),Google Search Console Conversational Queries
makara rasi can wear diamond,1200,15,Low KD (<25%),Google Search Console Conversational Queries
simha rashi can wear diamond,1200,12,Low KD (<25%),Google Search Console Conversational Queries
sui dhaga earrings in english,1200,12,Low KD (<25%),Google Search Console Conversational Queries
soochi nool earrings,1200,12,Low KD (<25%),Google Search Console Conversational Queries
most expensive diamond in the world,54215,12,Low KD (<25%),Google Search Console Conversational Queries
most expensive diamond,8295,12,Low KD (<25%),Google Search Console Conversational Queries
what is the most expensive diamond in the world,4305,12,Low KD (<25%),Google Search Console Conversational Queries
the most expensive diamond in the world,3990,12,Low KD (<25%),Google Search Console Conversational Queries
the most expensive diamond,1200,12,Low KD (<25%),Google Search Console Conversational Queries
most expensive diamond in world,1200,12,Low KD (<25%),Google Search Console Conversational Queries
costly diamond,1200,12,Low KD (<25%),Google Search Console Conversational Queries
is kohinoor the most expensive diamond,1200,12,Low KD (<25%),Google Search Console Conversational Queries
the most expensive diamonds in the world,1200,12,Low KD (<25%),Google Search Console Conversational Queries
which finger to wear gold ring for good luck,1200,13,Low KD (<25%),Google Search Console Conversational Queries
which finger to wear gold ring for male,1200,16,Low KD (<25%),Google Search Console Conversational Queries
best finger to wear gold ring,1200,12,Low KD (<25%),Google Search Console Conversational Queries
gold ring in little finger benefits,1200,12,Low KD (<25%),Google Search Console Conversational Queries
in which finger should i wear gold ring,1200,12,Low KD (<25%),Google Search Console Conversational Queries
in which finger to wear gold ring for male,1200,12,Low KD (<25%),Google Search Console Conversational Queries
which finger is best for gold ring,1200,12,Low KD (<25%),Google Search Console Conversational Queries
which finger should i wear gold ring,1200,12,Low KD (<25%),Google Search Console Conversational Queries
gold ring to wear in which finger,1200,12,Low KD (<25%),Google Search Console Conversational Queries
in which finger gold ring should be worn,1200,12,Low KD (<25%),Google Search Console Conversational Queries
bluestone jewellery logo,1200,12,Low KD (<25%),Google Search Console Conversational Queries
how to measure bangle size,44275,12,Low KD (<25%),Google Search Console Conversational Queries
how to check bangle size at home,9695,12,Low KD (<25%),Google Search Console Conversational Queries
bangle size measurement,2030,12,Low KD (<25%),Google Search Console Conversational Queries
how to know bangle size at home,1820,12,Low KD (<25%),Google Search Console Conversational Queries
how to measure wrist size for bangles,1200,12,Low KD (<25%),Google Search Console Conversational Queries
bangle size 2.4 means,15995,12,Low KD (<25%),Google Search Console Conversational Queries
how to find bangle size,8120,12,Low KD (<25%),Google Search Console Conversational Queries
2.4 size bangles in cm,7840,12,Low KD (<25%),Google Search Console Conversational Queries
how to check bangle size,7210,12,Low KD (<25%),Google Search Console Conversational Queries
how many black beads should be there in mangalsutra,1200,12,Low KD (<25%),Google Search Console Conversational Queries
mangalsutra me kitne moti hone chahiye,1200,12,Low KD (<25%),Google Search Console Conversational Queries
mangalsutra meaning,1200,12,Low KD (<25%),Google Search Console Conversational Queries
what are the black beads in mangalsutra made of,1200,12,Low KD (<25%),Google Search Console Conversational Queries
infinity mangalsutra,1200,12,Low KD (<25%),Google Search Console Conversational Queries
pukhraj stone ring wear in which finger for female,3010,12,Low KD (<25%),Google Search Console Conversational Queries
guru nang ring in which finger,1200,12,Low KD (<25%),Google Search Console Conversational Queries
yellow sapphire stone,1200,12,Low KD (<25%),Google Search Console Conversational Queries
august 22 birthstone,19635,12,Low KD (<25%),Google Search Console Conversational Queries
august birthstone,68670,21,Low KD (<25%),Google Search Console Conversational Queries
august birthstone color,44800,12,Low KD (<25%),Google Search Console Conversational Queries
august 23 birthstone,22435,12,Low KD (<25%),Google Search Console Conversational Queries
august 15th birthstone,4340,12,Low KD (<25%),Google Search Console Conversational Queries
august 22 birthstone color,1200,12,Low KD (<25%),Google Search Console Conversational Queries
august 15 birthstone,10535,12,Low KD (<25%),Google Search Console Conversational Queries
virgo birthstone august,7525,12,Low KD (<25%),Google Search Console Conversational Queries
august 22nd birthstone,6580,12,Low KD (<25%),Google Search Console Conversational Queries
october 27th birthstone,1995,12,Low KD (<25%),Google Search Console Conversational Queries
october 27 birthstone,7735,12,Low KD (<25%),Google Search Console Conversational Queries
october birthstone,2730,12,Low KD (<25%),Google Search Console Conversational Queries
oct 27 birthstone,2555,12,Low KD (<25%),Google Search Console Conversational Queries
october zodiac birthstone,1330,12,Low KD (<25%),Google Search Console Conversational Queries
october birthstone name,1200,12,Low KD (<25%),Google Search Console Conversational Queries
birthstone for october 27,1200,12,Low KD (<25%),Google Search Console Conversational Queries
south indian mangalsutra,5600,17,Low KD (<25%),Google Search Console Conversational Queries
tamilian mangalsutra,2520,12,Low KD (<25%),Google Search Console Conversational Queries
tamil mangalsutra design,1200,17,Low KD (<25%),Google Search Console Conversational Queries
south indian mangalsutra yellow dhaga,1200,12,Low KD (<25%),Google Search Console Conversational Queries
tamilian mangalsutra design,1200,12,Low KD (<25%),Google Search Console Conversational Queries
panna ring,1200,16,Low KD (<25%),Google Search Console Conversational Queries
in which finger emerald should be worn for male,1200,12,Low KD (<25%),Google Search Console Conversational Queries
effects of wearing emerald in ring finger,1200,12,Low KD (<25%),Google Search Console Conversational Queries
emerald panna stone ring,1200,12,Low KD (<25%),Google Search Console Conversational Queries
panna emerald ring,1200,16,Low KD (<25%),Google Search Console Conversational Queries
who can wear emerald in ring finger,1200,12,Low KD (<25%),Google Search Console Conversational Queries
green stone ring for ladies benefits,2240,12,Low KD (<25%),Google Search Console Conversational Queries
green stone ring benefits,1200,12,Low KD (<25%),Google Search Console Conversational Queries
panna ring benefits,1200,12,Low KD (<25%),Google Search Console Conversational Queries
garnet anklet which leg to wear female,1200,12,Low KD (<25%),Google Search Console Conversational Queries
garnet stone ring which finger to wear,1200,12,Low KD (<25%),Google Search Console Conversational Queries
where is diamond found in india,2975,12,Low KD (<25%),Google Search Console Conversational Queries
where are diamonds found in india,1200,12,Low KD (<25%),Google Search Console Conversational Queries
diamond found in which state of india,1200,12,Low KD (<25%),Google Search Console Conversational Queries
in which river diamond found in india,1200,14,Low KD (<25%),Google Search Console Conversational Queries
diamond mines in india,1200,12,Low KD (<25%),Google Search Console Conversational Queries
bharat ke kis rajya mein hira paya jata hai,1200,12,Low KD (<25%),Google Search Console Conversational Queries
diamond reserves in india,1200,12,Low KD (<25%),Google Search Console Conversational Queries
panna diamond mines,1200,12,Low KD (<25%),Google Search Console Conversational Queries
dental floss ring removal,4690,12,Low KD (<25%),Google Search Console Conversational Queries
dental floss method to remove ring,1200,12,Low KD (<25%),Google Search Console Conversational Queries
floss trick to get ring off,1295,12,Low KD (<25%),Google Search Console Conversational Queries
swollen ring finger,1200,12,Low KD (<25%),Google Search Console Conversational Queries
how to remove a tight wedding ring,9275,45,Medium KD (26-45%),Google Search Console Conversational Queries
dental floss to remove ring,1200,12,Low KD (<25%),Google Search Console Conversational Queries
dental floss to remove ring trick,1200,12,Low KD (<25%),Google Search Console Conversational Queries
dental floss to get ring off,1200,12,Low KD (<25%),Google Search Console Conversational Queries
dental floss trick to remove ring,1200,12,Low KD (<25%),Google Search Console Conversational Queries
floss method for removing ring,1200,12,Low KD (<25%),Google Search Console Conversational Queries
bugadi earrings,11830,12,Low KD (<25%),Google Search Console Conversational Queries
latest short mangalsutra design,1200,18,Low KD (<25%),Google Search Console Conversational Queries
mangalsutra kitne carat ka banta hai,1200,12,Low KD (<25%),Google Search Console Conversational Queries
24k gold kamarband price,1200,12,Low KD (<25%),Google Search Console Conversational Queries
mangalsutra kaisa hota hai,1200,12,Low KD (<25%),Google Search Console Conversational Queries
priyanka chopra navel ring,1200,12,Low KD (<25%),Google Search Console Conversational Queries
diamond belly button,1200,13,Low KD (<25%),Google Search Console Conversational Queries
navel ring diamond,1200,12,Low KD (<25%),Google Search Console Conversational Queries
priyanka chopra belly ring,1200,12,Low KD (<25%),Google Search Console Conversational Queries
birthstones by month september,5565,45,Medium KD (26-45%),Google Search Console Conversational Queries
september zodiac birthstone,2170,12,Low KD (<25%),Google Search Console Conversational Queries
birthstone for september born,1750,45,Medium KD (26-45%),Google Search Console Conversational Queries
what is the birthstone for september,1200,45,Medium KD (26-45%),Google Search Console Conversational Queries
which ear boys wear earrings,1200,12,Low KD (<25%),Google Search Console Conversational Queries
why do boys wear earrings,1200,12,Low KD (<25%),Google Search Console Conversational Queries
in which ear men should wear earrings,2170,12,Low KD (<25%),Google Search Console Conversational Queries
men should wear earrings in which ear,1750,12,Low KD (<25%),Google Search Console Conversational Queries
boys should wear earrings in which ear,1610,12,Low KD (<25%),Google Search Console Conversational Queries
engagement ring finger for male and female in hindu,2835,12,Low KD (<25%),Google Search Console Conversational Queries
why do men wear rings on their right ring finger,1200,16,Low KD (<25%),Google Search Console Conversational Queries
engagement ring finger for male and female in india,2660,12,Low KD (<25%),Google Search Console Conversational Queries
which hand wedding ring female in india,1960,12,Low KD (<25%),Google Search Console Conversational Queries
which hand wedding ring female in hindu,1680,12,Low KD (<25%),Google Search Console Conversational Queries
wedding ring finger for male and female in hindu,1200,12,Low KD (<25%),Google Search Console Conversational Queries
engagement ring in which hand,1200,12,Low KD (<25%),Google Search Console Conversational Queries
ring ceremony ring in which hand in india,1200,12,Low KD (<25%),Google Search Console Conversational Queries
engagement ring finger for male indian,1200,12,Low KD (<25%),Google Search Console Conversational Queries
lacquer bangles,1200,12,Low KD (<25%),Google Search Console Conversational Queries
lac bangles,1645,12,Low KD (<25%),Google Search Console Conversational Queries
lakh bangles,1295,12,Low KD (<25%),Google Search Console Conversational Queries
lac bangles in chennai,1200,12,Low KD (<25%),Google Search Console Conversational Queries
best lac bangles design,1200,12,Low KD (<25%),Google Search Console Conversational Queries
lac bangles meaning in hindi,1200,13,Low KD (<25%),Google Search Console Conversational Queries
lag bangles,1200,12,Low KD (<25%),Google Search Console Conversational Queries
what is lac bangles made of,1200,12,Low KD (<25%),Google Search Console Conversational Queries
lac bangles meaning in tamil,1200,12,Low KD (<25%),Google Search Console Conversational Queries
indian lac bangles,1200,13,Low KD (<25%),Google Search Console Conversational Queries
ring ceremony in hindi,51520,15,Low KD (<25%),Google Search Console Conversational Queries
ring sarmani in hindi,1200,12,Low KD (<25%),Google Search Console Conversational Queries
ring ceremony meaning in hindi,14350,15,Low KD (<25%),Google Search Console Conversational Queries
ring ceremony ko hindi mein kya kahate hain,2905,12,Low KD (<25%),Google Search Console Conversational Queries
ring ceremony hindi meaning,1470,18,Low KD (<25%),Google Search Console Conversational Queries
ring ceremony ka matlab,1470,14,Low KD (<25%),Google Search Console Conversational Queries
ring ceremony in hindi meaning,1200,16,Low KD (<25%),Google Search Console Conversational Queries
ring ceremony ka hindi,1200,13,Low KD (<25%),Google Search Console Conversational Queries
ring ceremony hindi,1200,12,Low KD (<25%),Google Search Console Conversational Queries
ruby stone benefits,42280,12,Low KD (<25%),Google Search Console Conversational Queries
can we wear ruby and diamond together,1200,12,Low KD (<25%),Google Search Console Conversational Queries
ruby gemstone benefits,4340,12,Low KD (<25%),Google Search Console Conversational Queries
benefits of ruby stone,2065,12,Low KD (<25%),Google Search Console Conversational Queries
ruby in silver ring benefits,1575,12,Low KD (<25%),Google Search Console Conversational Queries
when to wear ruby ring,1470,12,Low KD (<25%),Google Search Console Conversational Queries
ruby ring benefits,1200,12,Low KD (<25%),Google Search Console Conversational Queries
ruby crystal benefits,1200,12,Low KD (<25%),Google Search Console Conversational Queries
ruby stone ring benefits,1200,12,Low KD (<25%),Google Search Console Conversational Queries
benefits of wearing ruby stone ring,1200,12,Low KD (<25%),Google Search Console Conversational Queries
how to measure ring size,1200,16,Low KD (<25%),Google Search Console Conversational Queries
how to measure ring size at home,1200,45,Medium KD (26-45%),Google Search Console Conversational Queries
ring 12 size,1200,12,Low KD (<25%),Google Search Console Conversational Queries
how to check your ring size at home,1200,36,Medium KD (26-45%),Google Search Console Conversational Queries
how to measure your ring at home,1200,45,Medium KD (26-45%),Google Search Console Conversational Queries
ring size 11,1200,12,Low KD (<25%),Google Search Console Conversational Queries
ring finger for men,1225,12,Low KD (<25%),Google Search Console Conversational Queries
engaged ring finger,1200,12,Low KD (<25%),Google Search Console Conversational Queries
engagement ring is worn in which hand,22155,12,Low KD (<25%),Google Search Console Conversational Queries
which finger is for engagement ring,15680,34,Medium KD (26-45%),Google Search Console Conversational Queries
engagement ring finger,13860,12,Low KD (<25%),Google Search Console Conversational Queries
engagement ring konse hath me pahne right ya left,13475,12,Low KD (<25%),Google Search Console Conversational Queries
engagement ring is worn on which hand,12145,12,Low KD (<25%),Google Search Console Conversational Queries
engagement ring kis finger for male,9695,12,Low KD (<25%),Google Search Console Conversational Queries
engagement ring in which hand for male,9275,12,Low KD (<25%),Google Search Console Conversational Queries
jewelry store in india,1200,12,Low KD (<25%),Google Search Console Conversational Queries
deepika padukone wedding jewellery,1200,12,Low KD (<25%),Google Search Console Conversational Queries
opal stone ring in which finger,1200,12,Low KD (<25%),Google Search Console Conversational Queries
opal stone ring wear in which finger,1715,12,Low KD (<25%),Google Search Console Conversational Queries
how to wear opal ring,1470,12,Low KD (<25%),Google Search Console Conversational Queries
opal ring for men which finger,1200,12,Low KD (<25%),Google Search Console Conversational Queries
how to wear opal ring on friday,1200,12,Low KD (<25%),Google Search Console Conversational Queries
vanki ring significance,1645,12,Low KD (<25%),Google Search Console Conversational Queries
how to wear v shape ring,1200,12,Low KD (<25%),Google Search Console Conversational Queries
what is vanki ring,1200,12,Low KD (<25%),Google Search Console Conversational Queries
significance of vanki ring,1200,12,Low KD (<25%),Google Search Console Conversational Queries
meaning of vanki ring,1200,12,Low KD (<25%),Google Search Console Conversational Queries
v ring for women,1200,12,Low KD (<25%),Google Search Console Conversational Queries
what are the 4 types of diamonds,1225,12,Low KD (<25%),Google Search Console Conversational Queries
types of diamonds,13790,17,Low KD (<25%),Google Search Console Conversational Queries
types of diamond,11480,12,Low KD (<25%),Google Search Console Conversational Queries
diamond types,7280,12,Low KD (<25%),Google Search Console Conversational Queries
type of diamond,3080,12,Low KD (<25%),Google Search Console Conversational Queries
which diamond is best,2660,12,Low KD (<25%),Google Search Console Conversational Queries
different types of diamonds,2030,16,Low KD (<25%),Google Search Console Conversational Queries
diamond type,1785,12,Low KD (<25%),Google Search Console Conversational Queries
alia bhatt wedding ring,1200,12,Low KD (<25%),Google Search Console Conversational Queries
diamond ring for women tanishq,1200,12,Low KD (<25%),Google Search Console Conversational Queries
alia bhatt engagement ring,2275,12,Low KD (<25%),Google Search Console Conversational Queries
alia bhatt ring,1200,12,Low KD (<25%),Google Search Console Conversational Queries
ranbir kapoor engagement ring,1200,15,Low KD (<25%),Google Search Console Conversational Queries
alia bhatt diamond ring,1200,12,Low KD (<25%),Google Search Console Conversational Queries
alia engagement ring,1200,12,Low KD (<25%),Google Search Console Conversational Queries
lion ring for men,2100,20,Low KD (<25%),Google Search Console Conversational Queries
24k gold lion ring price,1330,16,Low KD (<25%),Google Search Console Conversational Queries
mens lion ring gold,1200,30,Medium KD (26-45%),Google Search Console Conversational Queries
lion ring benefits,1200,12,Low KD (<25%),Google Search Console Conversational Queries
lion ring gold,1200,16,Low KD (<25%),Google Search Console Conversational Queries
lion face ring benefits,1200,12,Low KD (<25%),Google Search Console Conversational Queries
mens ring lion,1200,24,Low KD (<25%),Google Search Console Conversational Queries
gold lion ring,1200,29,Medium KD (26-45%),Google Search Console Conversational Queries
lion face ring,1200,21,Low KD (<25%),Google Search Console Conversational Queries
lion face ring for men,1200,12,Low KD (<25%),Google Search Console Conversational Queries
moissanite vs diamond sparkle,3185,12,Low KD (<25%),Google Search Console Conversational Queries
diamond vs moissanite sparkle,2450,14,Low KD (<25%),Google Search Console Conversational Queries
does moissanite shine like diamonds,2345,12,Low KD (<25%),Google Search Console Conversational Queries
does moissanite sparkle like a diamond,1200,12,Low KD (<25%),Google Search Console Conversational Queries
does moissanite shine more than diamond,1200,12,Low KD (<25%),Google Search Console Conversational Queries
moissanite sparkle vs diamond,1200,28,Medium KD (26-45%),Google Search Console Conversational Queries
which is more sparkly diamond or moissanite,1200,29,Medium KD (26-45%),Google Search Console Conversational Queries
is moissanite shinier than diamond,1200,12,Low KD (<25%),Google Search Console Conversational Queries
moissanite vs diamond,1200,45,Medium KD (26-45%),Google Search Console Conversational Queries
radhika merchant mangalsutra,2555,12,Low KD (<25%),Google Search Console Conversational Queries
radhika merchant mangalsutra design,1200,12,Low KD (<25%),Google Search Console Conversational Queries
trending bracelet,1200,12,Low KD (<25%),Google Search Console Conversational Queries
radhika merchant mangalsutra price,1200,12,Low KD (<25%),Google Search Console Conversational Queries
anushka sharma engagement ring,3605,12,Low KD (<25%),Google Search Console Conversational Queries
anushka engagement ring,1200,12,Low KD (<25%),Google Search Console Conversational Queries
anushka sharma engagement look,1960,12,Low KD (<25%),Google Search Console Conversational Queries
anushka sharma wedding ring,1400,12,Low KD (<25%),Google Search Console Conversational Queries
anushka sharma ring,1200,12,Low KD (<25%),Google Search Console Conversational Queries
anushka sharma engagement,1200,12,Low KD (<25%),Google Search Console Conversational Queries
anushka sharma engagement ring price,1200,12,Low KD (<25%),Google Search Console Conversational Queries
anushka sharma ring price,1200,12,Low KD (<25%),Google Search Console Conversational Queries
anushka sharma rings,1200,12,Low KD (<25%),Google Search Console Conversational Queries
kada vs bracelet,1200,12,Low KD (<25%),Google Search Console Conversational Queries
bracelet vs kada,1200,12,Low KD (<25%),Google Search Console Conversational Queries
indian kada,1200,12,Low KD (<25%),Google Search Console Conversational Queries
kada vs bracelet which is better,1200,12,Low KD (<25%),Google Search Console Conversational Queries
bracelet or kada which is better for men,1200,12,Low KD (<25%),Google Search Console Conversational Queries
bracelet vs kada for men,1200,12,Low KD (<25%),Google Search Console Conversational Queries
do girls wear kada,1200,12,Low KD (<25%),Google Search Console Conversational Queries
four clover jewelry,1200,45,Medium KD (26-45%),Google Search Console Conversational Queries
jewellery four leaf clover,3220,28,Medium KD (26-45%),Google Search Console Conversational Queries
clover jewellery,3115,45,Medium KD (26-45%),Google Search Console Conversational Queries
clover bracelet meaning,1680,12,Low KD (<25%),Google Search Console Conversational Queries
clover necklace,1365,12,Low KD (<25%),Google Search Console Conversational Queries
clover bracelet,1200,20,Low KD (<25%),Google Search Console Conversational Queries
what are the clover bracelets everyone is wearing,1200,12,Low KD (<25%),Google Search Console Conversational Queries
clover bracelet gold,1200,12,Low KD (<25%),Google Search Console Conversational Queries
four leaf jewellery,1200,45,Medium KD (26-45%),Google Search Console Conversational Queries
clover bracelets,1200,33,Medium KD (26-45%),Google Search Console Conversational Queries
neelam stone ring,1200,18,Low KD (<25%),Google Search Console Conversational Queries
blue sapphire ring for ladies benefits,1200,12,Low KD (<25%),Google Search Console Conversational Queries
blue stone ring astrology,1540,12,Low KD (<25%),Google Search Console Conversational Queries
how to wear blue sapphire ring for male,1200,12,Low KD (<25%),Google Search Console Conversational Queries
how to wear blue sapphire stone,1200,12,Low KD (<25%),Google Search Console Conversational Queries
how to wear blue sapphire ring for female,1200,12,Low KD (<25%),Google Search Console Conversational Queries
blue stone ring benefits,1200,12,Low KD (<25%),Google Search Console Conversational Queries
korean jewellery,1200,45,Medium KD (26-45%),Google Search Console Conversational Queries
korean jewelry,1200,12,Low KD (<25%),Google Search Console Conversational Queries
korean gold jewelry,1200,12,Low KD (<25%),Google Search Console Conversational Queries
siij diamond means,1200,12,Low KD (<25%),Google Search Console Conversational Queries
si diamonds,1330,45,Medium KD (26-45%),Google Search Console Conversational Queries
siij diamond is real or fake,1200,13,Low KD (<25%),Google Search Console Conversational Queries
si ij diamond means,1200,12,Low KD (<25%),Google Search Console Conversational Queries
siij diamonds,1200,12,Low KD (<25%),Google Search Console Conversational Queries
siij diamond meaning,1200,12,Low KD (<25%),Google Search Console Conversational Queries
siij diamonds meaning,1200,14,Low KD (<25%),Google Search Console Conversational Queries
si ij diamond meaning,1200,12,Low KD (<25%),Google Search Console Conversational Queries
what is siij diamond,1200,12,Low KD (<25%),Google Search Console Conversational Queries
hi si diamond,1200,45,Medium KD (26-45%),Google Search Console Conversational Queries
bangle ceremony ideas,1200,12,Low KD (<25%),Google Search Console Conversational Queries
bangle ceremony meaning in telugu,5250,12,Low KD (<25%),Google Search Console Conversational Queries
bangle ceremony meaning,2555,12,Low KD (<25%),Google Search Console Conversational Queries
bangle ceremony means,1200,12,Low KD (<25%),Google Search Console Conversational Queries
bangle ceremony,1200,12,Low KD (<25%),Google Search Console Conversational Queries
what is bangle ceremony,1200,12,Low KD (<25%),Google Search Console Conversational Queries
bangle ceremony meaning in tamil,1200,12,Low KD (<25%),Google Search Console Conversational Queries
bangles ceremony,1200,13,Low KD (<25%),Google Search Console Conversational Queries
gold buttalu designs,20335,12,Low KD (<25%),Google Search Console Conversational Queries
earrings buttalu,7420,12,Low KD (<25%),Google Search Console Conversational Queries
buttalu earrings,4445,12,Low KD (<25%),Google Search Console Conversational Queries
buttalu designs gold,3500,12,Low KD (<25%),Google Search Console Conversational Queries
buttalu gold designs,2730,12,Low KD (<25%),Google Search Console Conversational Queries
gold earrings designs buttalu,2485,12,Low KD (<25%),Google Search Console Conversational Queries
gold buttalu,2205,12,Low KD (<25%),Google Search Console Conversational Queries
gemstone mangalsutra,1200,38,Medium KD (26-45%),Google Search Console Conversational Queries
small earring for upper ear,1200,12,Low KD (<25%),Google Search Console Conversational Queries
earrings for upper ear traditional,1200,12,Low KD (<25%),Google Search Console Conversational Queries
upper ear piercing earrings,22190,12,Low KD (<25%),Google Search Console Conversational Queries
upper earrings for women,21910,12,Low KD (<25%),Google Search Console Conversational Queries
earrings for upper piercing,5075,12,Low KD (<25%),Google Search Console Conversational Queries
earring for upper ear,4515,12,Low KD (<25%),Google Search Console Conversational Queries
upper earrings,3780,12,Low KD (<25%),Google Search Console Conversational Queries
january birthstone,6755,45,Medium KD (26-45%),Google Search Console Conversational Queries
nath,1200,12,Low KD (<25%),Google Search Console Conversational Queries
madhuri dixit nose ring,1200,12,Low KD (<25%),Google Search Console Conversational Queries
gold bangles design for women,1200,12,Low KD (<25%),Google Search Console Conversational Queries
simple bangle design,2100,12,Low KD (<25%),Google Search Console Conversational Queries
bangle design,1200,12,Low KD (<25%),Google Search Console Conversational Queries
simple bangles design for girl,1200,12,Low KD (<25%),Google Search Console Conversational Queries
diamond 777,1200,12,Low KD (<25%),Google Search Console Conversational Queries
777 diamonds,1200,12,Low KD (<25%),Google Search Console Conversational Queries
jewelry design by korea,1200,12,Low KD (<25%),Google Search Console Conversational Queries
korean jewellery design,1200,18,Low KD (<25%),Google Search Console Conversational Queries
korean minimal jewellery,1200,12,Low KD (<25%),Google Search Console Conversational Queries
mangalsutra designs,3115,41,Medium KD (26-45%),Google Search Console Conversational Queries
simple daily use mangalsutra,1200,12,Low KD (<25%),Google Search Console Conversational Queries
gen z mangalsutra,1200,12,Low KD (<25%),Google Search Console Conversational Queries
light weight mangalsutra,1200,12,Low KD (<25%),Google Search Console Conversational Queries
light weight daily wear mangalsutra,1200,12,Low KD (<25%),Google Search Console Conversational Queries
lightweight mangalsutra,1200,12,Low KD (<25%),Google Search Console Conversational Queries
daily use mangalsutra,1200,42,Medium KD (26-45%),Google Search Console Conversational Queries
light weight mangalsutra design,1200,35,Medium KD (26-45%),Google Search Console Conversational Queries
daily wear short mangalsutra design,1200,12,Low KD (<25%),Google Search Console Conversational Queries
22 karat gold,1200,12,Low KD (<25%),Google Search Console Conversational Queries
1 gram gold ring for men 22 carat,1200,12,Low KD (<25%),Google Search Console Conversational Queries
18kt,9520,12,Low KD (<25%),Google Search Console Conversational Queries
18kt gold,9170,12,Low KD (<25%),Google Search Console Conversational Queries
difference between 18k and 22k gold,2240,45,Medium KD (26-45%),Google Search Console Conversational Queries
18 kt gold,2205,12,Low KD (<25%),Google Search Console Conversational Queries
22kt,2065,12,Low KD (<25%),Google Search Console Conversational Queries
22k gold,1890,23,Low KD (<25%),Google Search Console Conversational Queries
18 carat vs 22 carat gold,1330,40,Medium KD (26-45%),Google Search Console Conversational Queries
18k vs 22k gold,1200,13,Low KD (<25%),Google Search Console Conversational Queries
charizard rakhi,1200,15,Low KD (<25%),Google Search Console Conversational Queries
boys rakhi,1200,12,Low KD (<25%),Google Search Console Conversational Queries
cartoon rakhi,1200,12,Low KD (<25%),Google Search Console Conversational Queries
bengali mangalsutra,1200,12,Low KD (<25%),Google Search Console Conversational Queries
bangle translation,1200,12,Low KD (<25%),Google Search Console Conversational Queries
bangles meaning in bengali,1200,16,Low KD (<25%),Google Search Console Conversational Queries
bengali bangle,1200,12,Low KD (<25%),Google Search Console Conversational Queries
kada in bengali,1200,12,Low KD (<25%),Google Search Console Conversational Queries
december 27 birthstone,5635,12,Low KD (<25%),Google Search Console Conversational Queries
december 27th birthstone,2520,12,Low KD (<25%),Google Search Console Conversational Queries
dec 27 birthstone,1200,12,Low KD (<25%),Google Search Console Conversational Queries
december birthstone,1200,45,Medium KD (26-45%),Google Search Console Conversational Queries
what is the birthstone for december 27th,1200,12,Low KD (<25%),Google Search Console Conversational Queries
birthstone for december 27,1200,12,Low KD (<25%),Google Search Console Conversational Queries
december 5th birthstone,1200,12,Low KD (<25%),Google Search Console Conversational Queries
december 27 birthstone color,1200,12,Low KD (<25%),Google Search Console Conversational Queries
dec 27th birthstone,1200,12,Low KD (<25%),Google Search Console Conversational Queries
december stone birthstone,1200,45,Medium KD (26-45%),Google Search Console Conversational Queries
birthstone of february 14,1200,12,Low KD (<25%),Google Search Console Conversational Queries
birthstones by month february,5460,45,Medium KD (26-45%),Google Search Console Conversational Queries
feb 14 birthstone,5145,45,Medium KD (26-45%),Google Search Console Conversational Queries
february 14 birthstone,4480,36,Medium KD (26-45%),Google Search Console Conversational Queries
february birthstone meaning,1470,12,Low KD (<25%),Google Search Console Conversational Queries
meaning of february birthstone,1200,12,Low KD (<25%),Google Search Console Conversational Queries
february birthstones alternate,1200,39,Medium KD (26-45%),Google Search Console Conversational Queries
what is the birthstone for february,1200,45,Medium KD (26-45%),Google Search Console Conversational Queries
february birthstone,1200,45,Medium KD (26-45%),Google Search Console Conversational Queries
how to tel if a diamond is real or fake?,1470,45,Medium KD (26-45%),Google Search Console Conversational Queries
diamond test,1200,45,Medium KD (26-45%),Google Search Console Conversational Queries
how to identify real diamond,1200,45,Medium KD (26-45%),Google Search Console Conversational Queries
how to know real diamond,1200,45,Medium KD (26-45%),Google Search Console Conversational Queries
how to recognise real diamond,1200,45,Medium KD (26-45%),Google Search Console Conversational Queries
how to tell if a diamond is real,1200,45,Medium KD (26-45%),Google Search Console Conversational Queries
how to clean diamond ring at home,1855,45,Medium KD (26-45%),Google Search Console Conversational Queries
how to clean rings at home,1225,45,Medium KD (26-45%),Google Search Console Conversational Queries
how to clean diamond ring,1200,45,Medium KD (26-45%),Google Search Console Conversational Queries
how to clean white gold diamond ring at home,1200,45,Medium KD (26-45%),Google Search Console Conversational Queries
how to clean a gold wedding ring,1200,45,Medium KD (26-45%),Google Search Console Conversational Queries
how to clean a gold ring,1200,45,Medium KD (26-45%),Google Search Console Conversational Queries
how to clean gold jewellery at home,1200,45,Medium KD (26-45%),Google Search Console Conversational Queries
how to clean gold ring,1200,45,Medium KD (26-45%),Google Search Console Conversational Queries
how to clean a ring,1200,45,Medium KD (26-45%),Google Search Console Conversational Queries
how to clean gold at home,1200,45,Medium KD (26-45%),Google Search Console Conversational Queries
how to clean gold rings,1200,45,Medium KD (26-45%),Google Search Console Conversational Queries
what to clean gold with,1200,45,Medium KD (26-45%),Google Search Console Conversational Queries
how to wear heavy earrings,1855,12,Low KD (<25%),Google Search Console Conversational Queries
wearing heavy earrings,1200,12,Low KD (<25%),Google Search Console Conversational Queries
what to wear with heavy earrings,1200,12,Low KD (<25%),Google Search Console Conversational Queries
birthstones by month june,1890,45,Medium KD (26-45%),Google Search Console Conversational Queries
june 23rd birthstone,1200,13,Low KD (<25%),Google Search Console Conversational Queries
june 18 birthstone color,1200,45,Medium KD (26-45%),Google Search Console Conversational Queries
birthstone color for june,1200,45,Medium KD (26-45%),Google Search Console Conversational Queries
june 22 birthstone,1200,45,Medium KD (26-45%),Google Search Console Conversational Queries
23 june birthstone,1200,12,Low KD (<25%),Google Search Console Conversational Queries
birthstone for june 23rd,1200,25,Low KD (<25%),Google Search Console Conversational Queries
signet ring,1200,12,Low KD (<25%),Google Search Console Conversational Queries
which finger to wear pearl ring for male,1200,12,Low KD (<25%),Google Search Console Conversational Queries
benefits of wearing pearl,1200,12,Low KD (<25%),Google Search Console Conversational Queries
wearing pearl benefits,1200,12,Low KD (<25%),Google Search Console Conversational Queries
moti ring benefits,1200,12,Low KD (<25%),Google Search Console Conversational Queries
white pearl ring benefits,1200,12,Low KD (<25%),Google Search Console Conversational Queries
white moti ring,1200,12,Low KD (<25%),Google Search Console Conversational Queries
white moti ring benefits,1200,12,Low KD (<25%),Google Search Console Conversational Queries
bluestone pearl ring,1200,13,Low KD (<25%),Google Search Console Conversational Queries
silver pearl ring for ladies benefits,1200,12,Low KD (<25%),Google Search Console Conversational Queries
pearl ring benefits,1200,12,Low KD (<25%),Google Search Console Conversational Queries
mangalsutra length,1200,12,Low KD (<25%),Google Search Console Conversational Queries
short mangalsutra,1200,44,Medium KD (26-45%),Google Search Console Conversational Queries
5 gram gold mangalsutra designs with price,1200,12,Low KD (<25%),Google Search Console Conversational Queries
small mangalsutra,1200,29,Medium KD (26-45%),Google Search Console Conversational Queries
modern mangalsutras,1200,45,Medium KD (26-45%),Google Search Console Conversational Queries
what should be the length of mangalsutra,1200,12,Low KD (<25%),Google Search Console Conversational Queries
long mangalsutra designs,1200,12,Low KD (<25%),Google Search Console Conversational Queries
5 gram gold mangalsutra price 24k,1200,12,Low KD (<25%),Google Search Console Conversational Queries
long mangalsutra design,1200,12,Low KD (<25%),Google Search Console Conversational Queries
modern mangalsutra,1200,45,Medium KD (26-45%),Google Search Console Conversational Queries
rakhi gift for sister,1200,12,Low KD (<25%),Google Search Console Conversational Queries
best gift hamper for sister on rakhi,1200,12,Low KD (<25%),Google Search Console Conversational Queries
gift ideas for sister in rakhi,1200,12,Low KD (<25%),Google Search Console Conversational Queries
gifts for sister on rakhi,1200,12,Low KD (<25%),Google Search Console Conversational Queries
jewellery brands in india,1200,12,Low KD (<25%),Google Search Console Conversational Queries
top 10 rakhi gifts for sister,1200,12,Low KD (<25%),Google Search Console Conversational Queries
vvs diamonds price,1200,12,Low KD (<25%),Google Search Console Conversational Queries
vs diamonds,1330,42,Medium KD (26-45%),Google Search Console Conversational Queries
diamond vs,1200,45,Medium KD (26-45%),Google Search Console Conversational Queries
vs diamond,1200,45,Medium KD (26-45%),Google Search Console Conversational Queries
stud,563430,12,Low KD (<25%),Google Search Console Conversational Queries
what are stud earrings,13475,29,Medium KD (26-45%),Google Search Console Conversational Queries
stud earrings meaning,1715,12,Low KD (<25%),Google Search Console Conversational Queries
stud style,1505,12,Low KD (<25%),Google Search Console Conversational Queries
stud.,1200,12,Low KD (<25%),Google Search Console Conversational Queries
what is stud earrings,1200,12,Low KD (<25%),Google Search Console Conversational Queries
stud?,1200,12,Low KD (<25%),Google Search Console Conversational Queries
what is a stud earring,1200,12,Low KD (<25%),Google Search Console Conversational Queries
stud meaning in earrings,1200,12,Low KD (<25%),Google Search Console Conversational Queries
stud',1200,12,Low KD (<25%),Google Search Console Conversational Queries
750 gold,87430,12,Low KD (<25%),Google Search Console Conversational Queries
gold 750,8190,12,Low KD (<25%),Google Search Console Conversational Queries
what is 750 gold,4375,12,Low KD (<25%),Google Search Console Conversational Queries
gold 750 means,1680,12,Low KD (<25%),Google Search Console Conversational Queries
what does 750 mean on jewelry,1225,45,Medium KD (26-45%),Google Search Console Conversational Queries
750 gold meaning,1200,20,Low KD (<25%),Google Search Console Conversational Queries
18k 750 gold means,1200,28,Medium KD (26-45%),Google Search Console Conversational Queries
750 gold means,1200,13,Low KD (<25%),Google Search Console Conversational Queries
what is mangalsutra,3920,12,Low KD (<25%),Google Search Console Conversational Queries
nallapusalu chain in english,1200,19,Low KD (<25%),Google Search Console Conversational Queries
significance of mangalsutra,1200,45,Medium KD (26-45%),Google Search Console Conversational Queries
why does mangalsutra has black beads,1200,45,Medium KD (26-45%),Google Search Console Conversational Queries
can unmarried girl wear mangalsutra bracelet,1200,12,Low KD (<25%),Google Search Console Conversational Queries
can unmarried women wear black beads bracelet,1200,12,Low KD (<25%),Google Search Console Conversational Queries
what is rose gold,65625,12,Low KD (<25%),Google Search Console Conversational Queries
is rose gold real gold,11095,12,Low KD (<25%),Google Search Console Conversational Queries
rose gold means,5495,15,Low KD (<25%),Google Search Console Conversational Queries
rose gold meaning,3710,12,Low KD (<25%),Google Search Console Conversational Queries
rose gold is real gold,3255,12,Low KD (<25%),Google Search Console Conversational Queries
rose gold,2975,45,Medium KD (26-45%),Google Search Console Conversational Queries
is rose gold real,2520,12,Low KD (<25%),Google Search Console Conversational Queries
rose gold what is,1330,45,Medium KD (26-45%),Google Search Console Conversational Queries
rose gold kaisa hota hai,1200,12,Low KD (<25%),Google Search Console Conversational Queries
is rose gold is real gold,1200,12,Low KD (<25%),Google Search Console Conversational Queries
rakhi bandhne ka samay bataen,1200,45,Medium KD (26-45%),Google Search Console Conversational Queries
is rakhi,10430,12,Low KD (<25%),Google Search Console Conversational Queries
when.is rakhi,1200,15,Low KD (<25%),Google Search Console Conversational Queries
rakhi is,1200,12,Low KD (<25%),Google Search Console Conversational Queries
chandra ring in which finger for female,1200,12,Low KD (<25%),Google Search Console Conversational Queries
astrology ring for women,1200,12,Low KD (<25%),Google Search Console Conversational Queries
pearl ring for women in which hand,1200,12,Low KD (<25%),Google Search Console Conversational Queries
moonstone ring for women,1200,12,Low KD (<25%),Google Search Console Conversational Queries
14kt gold,4620,45,Medium KD (26-45%),Google Search Console Conversational Queries
14kt,1200,40,Medium KD (26-45%),Google Search Console Conversational Queries
difference between 22k and 24k gold,1225,45,Medium KD (26-45%),Google Search Console Conversational Queries
24kt gold,1200,21,Low KD (<25%),Google Search Console Conversational Queries
what is difference between 22k and 24k gold,1200,45,Medium KD (26-45%),Google Search Console Conversational Queries
what is 22kt gold,1200,19,Low KD (<25%),Google Search Console Conversational Queries
22 carat gold,1200,12,Low KD (<25%),Google Search Console Conversational Queries
difference between 22 carat and 24 carat gold,1200,45,Medium KD (26-45%),Google Search Console Conversational Queries
22 carat vs 24 carat,1200,45,Medium KD (26-45%),Google Search Console Conversational Queries
difference between 22 and 24 carat gold,1200,45,Medium KD (26-45%),Google Search Console Conversational Queries
22k vs 22kt,1200,12,Low KD (<25%),Google Search Console Conversational Queries
maharashtrian mangalsutra,1200,16,Low KD (<25%),Google Search Console Conversational Queries
maharashtrian mangalsutra design,1200,31,Medium KD (26-45%),Google Search Console Conversational Queries
maharashtra mangalsutra,1200,12,Low KD (<25%),Google Search Console Conversational Queries
upper ear earrings,3325,30,Medium KD (26-45%),Google Search Console Conversational Queries
side earrings without piercing,1200,12,Low KD (<25%),Google Search Console Conversational Queries
earrings for upper ear,1200,12,Low KD (<25%),Google Search Console Conversational Queries
earrings that go up the ear,1200,12,Low KD (<25%),Google Search Console Conversational Queries
earring for top of ear,1200,12,Low KD (<25%),Google Search Console Conversational Queries
earrings for top part of ear,1200,12,Low KD (<25%),Google Search Console Conversational Queries
earring on top of ear,1200,12,Low KD (<25%),Google Search Console Conversational Queries
non piercing side earrings,1200,12,Low KD (<25%),Google Search Console Conversational Queries
toi et moi ring jackie kennedy,1200,12,Low KD (<25%),Google Search Console Conversational Queries
jackie kennedy toi et moi ring,1200,12,Low KD (<25%),Google Search Console Conversational Queries
toi et moi ring controversy,1200,12,Low KD (<25%),Google Search Console Conversational Queries
rakhi online amazon,1200,12,Low KD (<25%),Google Search Console Conversational Queries
dakshis rakhi,1200,12,Low KD (<25%),Google Search Console Conversational Queries
rakhi gift for brother under 200,1200,12,Low KD (<25%),Google Search Console Conversational Queries
best rakhi,1200,12,Low KD (<25%),Google Search Console Conversational Queries
which type of rakhi is best for brother,1200,12,Low KD (<25%),Google Search Console Conversational Queries
light rakhi,1200,12,Low KD (<25%),Google Search Console Conversational Queries
eco friendly rakhi,1200,12,Low KD (<25%),Google Search Console Conversational Queries
men's rakhi bracelet for brother,1200,12,Low KD (<25%),Google Search Console Conversational Queries
rakhi banano,1200,12,Low KD (<25%),Google Search Console Conversational Queries
mangalsutra size chart,1200,14,Low KD (<25%),Google Search Console Conversational Queries
ideal length of mangalsutra,1200,12,Low KD (<25%),Google Search Console Conversational Queries
how can you tell if a diamond is real,1200,45,Medium KD (26-45%),Google Search Console Conversational Queries
how do you know if a diamond is real,1200,45,Medium KD (26-45%),Google Search Console Conversational Queries
how to test a diamond,1200,45,Medium KD (26-45%),Google Search Console Conversational Queries
real diamond check,1200,45,Medium KD (26-45%),Google Search Console Conversational Queries
how can you tell real diamonds,1200,45,Medium KD (26-45%),Google Search Console Conversational Queries
how to tell a real diamond,1200,45,Medium KD (26-45%),Google Search Console Conversational Queries
gomed wearing day and time,1200,12,Low KD (<25%),Google Search Console Conversational Queries
how to style multiple rings on fingers,1200,12,Low KD (<25%),Google Search Console Conversational Queries
style how to wear rings on multiple fingers,1200,12,Low KD (<25%),Google Search Console Conversational Queries
how to wear rings on multiple fingers,1200,12,Low KD (<25%),Google Search Console Conversational Queries
how to style rings on fingers,1200,12,Low KD (<25%),Google Search Console Conversational Queries
how to wear fashion rings,1200,12,Low KD (<25%),Google Search Console Conversational Queries
how to wear rings on different fingers,1200,45,Medium KD (26-45%),Google Search Console Conversational Queries
how to wear two rings,1200,12,Low KD (<25%),Google Search Console Conversational Queries
kate middleton engagement ring,1200,45,Medium KD (26-45%),Google Search Console Conversational Queries
princess kates engagement ring,1200,45,Medium KD (26-45%),Google Search Console Conversational Queries
korean drama jewelry,1200,12,Low KD (<25%),Google Search Console Conversational Queries
gold bangle designs,20370,12,Low KD (<25%),Google Search Console Conversational Queries
gold bangles design,2205,12,Low KD (<25%),Google Search Console Conversational Queries
latest gold bangle design,1820,12,Low KD (<25%),Google Search Console Conversational Queries
modern bangles design,1200,12,Low KD (<25%),Google Search Console Conversational Queries
new model gold bangles design,1200,12,Low KD (<25%),Google Search Console Conversational Queries
modern bangle,1200,14,Low KD (<25%),Google Search Console Conversational Queries
latest gold bangles design 2025,1200,14,Low KD (<25%),Google Search Console Conversational Queries
bangles design latest,1200,12,Low KD (<25%),Google Search Console Conversational Queries
latest bangles models,1200,12,Low KD (<25%),Google Search Console Conversational Queries
hearing new design,1200,12,Low KD (<25%),Google Search Console Conversational Queries
hearing designs,1200,12,Low KD (<25%),Google Search Console Conversational Queries
necklace vs choker,1200,12,Low KD (<25%),Google Search Console Conversational Queries
difference between choker and necklace,1200,12,Low KD (<25%),Google Search Console Conversational Queries
collar necklace vs choker,1200,12,Low KD (<25%),Google Search Console Conversational Queries
birthstone for the month of march,2240,45,Medium KD (26-45%),Google Search Console Conversational Queries
birthstones by month march,1750,45,Medium KD (26-45%),Google Search Console Conversational Queries
march birthstones,1260,45,Medium KD (26-45%),Google Search Console Conversational Queries
birthstone march,1200,12,Low KD (<25%),Google Search Console Conversational Queries
birthstone for march,1200,12,Low KD (<25%),Google Search Console Conversational Queries
artificial diamonds,4690,39,Medium KD (26-45%),Google Search Console Conversational Queries
artificial diamond,3920,30,Medium KD (26-45%),Google Search Console Conversational Queries
natural vs synthetic diamonds,3885,45,Medium KD (26-45%),Google Search Console Conversational Queries
fabricated diamonds,1925,26,Medium KD (26-45%),Google Search Console Conversational Queries
synthetic diamond,1200,12,Low KD (<25%),Google Search Console Conversational Queries
synthetic vs natural diamond,1200,45,Medium KD (26-45%),Google Search Console Conversational Queries
synthetic diamonds,1200,12,Low KD (<25%),Google Search Console Conversational Queries
synthetic diamonds vs natural diamonds,1200,45,Medium KD (26-45%),Google Search Console Conversational Queries
what birthstone is november 22,1200,22,Low KD (<25%),Google Search Console Conversational Queries
12 november birthstone,1200,12,Low KD (<25%),Google Search Console Conversational Queries
november 21st birthstone,1200,12,Low KD (<25%),Google Search Console Conversational Queries
priyanka chopra ring,1200,12,Low KD (<25%),Google Search Console Conversational Queries
toi moi ring,1200,12,Low KD (<25%),Google Search Console Conversational Queries
priyanka chopra wedding ring,1200,18,Low KD (<25%),Google Search Console Conversational Queries
rajasthani gajra bangles,1200,17,Low KD (<25%),Google Search Console Conversational Queries
rajputi bangles,1200,28,Medium KD (26-45%),Google Search Console Conversational Queries
rajputi gajra bangles,1200,15,Low KD (<25%),Google Search Console Conversational Queries
temple bangles,1200,45,Medium KD (26-45%),Google Search Console Conversational Queries
temple jewellery bangles,1200,45,Medium KD (26-45%),Google Search Console Conversational Queries
does evil eye pendant work,1200,12,Low KD (<25%),Google Search Console Conversational Queries
bluestone evil eye ring,1200,14,Low KD (<25%),Google Search Console Conversational Queries
what does the blue eye bracelet mean,1200,45,Medium KD (26-45%),Google Search Console Conversational Queries
benefits of evil eye bracelet,1200,45,Medium KD (26-45%),Google Search Console Conversational Queries
bluestone evil eye pendant,1200,12,Low KD (<25%),Google Search Console Conversational Queries
evil eye bracelet meaning,1200,45,Medium KD (26-45%),Google Search Console Conversational Queries
where are diamonds found,1400,45,Medium KD (26-45%),Google Search Console Conversational Queries
diamond country,1200,45,Medium KD (26-45%),Google Search Console Conversational Queries
best country to buy diamonds,1200,45,Medium KD (26-45%),Google Search Console Conversational Queries
best place in the world to buy diamonds,1200,45,Medium KD (26-45%),Google Search Console Conversational Queries
biggest diamond producing countries,1200,45,Medium KD (26-45%),Google Search Console Conversational Queries
diamonds by country,1200,45,Medium KD (26-45%),Google Search Console Conversational Queries
where are diamonds mostly found,1200,45,Medium KD (26-45%),Google Search Console Conversational Queries
what is a solitaire ring,1200,45,Medium KD (26-45%),Google Search Console Conversational Queries
solitaire ring meaning,1200,45,Medium KD (26-45%),Google Search Console Conversational Queries
american diamond,29400,12,Low KD (<25%),Google Search Console Conversational Queries
american diamond vs real diamond,2695,13,Low KD (<25%),Google Search Console Conversational Queries
difference between american diamond and real diamond,1680,31,Medium KD (26-45%),Google Search Console Conversational Queries
american diamonds,1610,12,Low KD (<25%),Google Search Console Conversational Queries
real diamond name,1200,12,Low KD (<25%),Google Search Console Conversational Queries
what is american diamond,1200,12,Low KD (<25%),Google Search Console Conversational Queries
diamond vs american diamond,1200,12,Low KD (<25%),Google Search Console Conversational Queries
real diamond vs american diamond,1200,12,Low KD (<25%),Google Search Console Conversational Queries
american diamond ring,1200,12,Low KD (<25%),Google Search Console Conversational Queries
anti tarnish jewellery meaning,3360,12,Low KD (<25%),Google Search Console Conversational Queries
what is anti tarnish jewellery,1200,12,Low KD (<25%),Google Search Console Conversational Queries
anti tarnish jewellery benefits,1200,12,Low KD (<25%),Google Search Console Conversational Queries
anti jewelry,1200,12,Low KD (<25%),Google Search Console Conversational Queries
anti tarnish jewelry,1200,12,Low KD (<25%),Google Search Console Conversational Queries
tarnish proof jewellery,1200,45,Medium KD (26-45%),Google Search Console Conversational Queries
anti tarnish jewelry meaning,1200,12,Low KD (<25%),Google Search Console Conversational Queries
meaning of anti tarnish jewellery,1200,12,Low KD (<25%),Google Search Console Conversational Queries
anti jewellery,1200,12,Low KD (<25%),Google Search Console Conversational Queries
anti tarnish necklace meaning,1200,12,Low KD (<25%),Google Search Console Conversational Queries
april birthstone,46270,24,Low KD (<25%),Google Search Console Conversational Queries
april 14 birthstone,3675,12,Low KD (<25%),Google Search Console Conversational Queries
april 14th birthstone,1750,12,Low KD (<25%),Google Search Console Conversational Queries
birthstone april,1330,12,Low KD (<25%),Google Search Console Conversational Queries
birthstone for april,1330,12,Low KD (<25%),Google Search Console Conversational Queries
birthstone of april,1200,12,Low KD (<25%),Google Search Console Conversational Queries
what is the birthstone of the month of april,1200,12,Low KD (<25%),Google Search Console Conversational Queries
what is the birthstone for april,1200,12,Low KD (<25%),Google Search Console Conversational Queries
earrings for saree,1470,34,Medium KD (26-45%),Google Search Console Conversational Queries
saree earrings for women,1200,12,Low KD (<25%),Google Search Console Conversational Queries
diamonds flawless,1200,45,Medium KD (26-45%),Google Search Console Conversational Queries
flawless diamond,1200,45,Medium KD (26-45%),Google Search Console Conversational Queries
flawless diamonds,1200,45,Medium KD (26-45%),Google Search Console Conversational Queries
flawless diamond west palm beach,1200,45,Medium KD (26-45%),Google Search Console Conversational Queries
fl diamond,1200,45,Medium KD (26-45%),Google Search Console Conversational Queries
flawless cut diamond,1200,45,Medium KD (26-45%),Google Search Console Conversational Queries
flawless diamond naples,1200,45,Medium KD (26-45%),Google Search Console Conversational Queries
difference between gold and platinum,1925,12,Low KD (<25%),Google Search Console Conversational Queries
difference between platinum and gold,1295,12,Low KD (<25%),Google Search Console Conversational Queries
platinum and gold difference,1200,12,Low KD (<25%),Google Search Console Conversational Queries
what is platinum vs gold,1200,12,Low KD (<25%),Google Search Console Conversational Queries
gold and platinum difference,1200,12,Low KD (<25%),Google Search Console Conversational Queries
what is difference between platinum and gold,1200,12,Low KD (<25%),Google Search Console Conversational Queries
different between gold and platinum,1200,12,Low KD (<25%),Google Search Console Conversational Queries
what is difference between gold and platinum,1200,12,Low KD (<25%),Google Search Console Conversational Queries
diamond ring rate,1200,12,Low KD (<25%),Google Search Console Conversational Queries
rose gold vs gold,7945,12,Low KD (<25%),Google Search Console Conversational Queries
difference between gold and rose gold,5215,12,Low KD (<25%),Google Search Console Conversational Queries
gold vs rose gold,4585,12,Low KD (<25%),Google Search Console Conversational Queries
rose gold and gold difference,4585,12,Low KD (<25%),Google Search Console Conversational Queries
difference between rose gold and gold,3780,12,Low KD (<25%),Google Search Console Conversational Queries
is rose gold expensive than gold,1435,12,Low KD (<25%),Google Search Console Conversational Queries
gold and rose gold difference,1400,12,Low KD (<25%),Google Search Console Conversational Queries
rose gold or gold which is expensive,1200,12,Low KD (<25%),Google Search Console Conversational Queries
what is the difference between gold and rose gold,1200,12,Low KD (<25%),Google Search Console Conversational Queries
gold and rose gold,1200,12,Low KD (<25%),Google Search Console Conversational Queries
how to clean a gemstone ring,1200,12,Low KD (<25%),Google Search Console Conversational Queries
how to clean gemstone rings,1200,12,Low KD (<25%),Google Search Console Conversational Queries
how to clean your diamond earrings,4060,45,Medium KD (26-45%),Google Search Console Conversational Queries
how to clean diamond earrings,1890,45,Medium KD (26-45%),Google Search Console Conversational Queries
best way to clean diamond earrings,1200,45,Medium KD (26-45%),Google Search Console Conversational Queries
cleaning diamond earrings,1200,45,Medium KD (26-45%),Google Search Console Conversational Queries
how to clean gold earrings with stones,1200,32,Medium KD (26-45%),Google Search Console Conversational Queries
how to style earrings for different occasions,1200,45,Medium KD (26-45%),Google Search Console Conversational Queries
internally flawless diamond,1200,19,Low KD (<25%),Google Search Console Conversational Queries
fl diamonds,1200,45,Medium KD (26-45%),Google Search Console Conversational Queries
if diamond,1200,45,Medium KD (26-45%),Google Search Console Conversational Queries
platinum mangalsutra,2485,18,Low KD (<25%),Google Search Console Conversational Queries
platinum mangalsutra chain,1200,17,Low KD (<25%),Google Search Console Conversational Queries
alternate birthstone for may,1200,45,Medium KD (26-45%),Google Search Console Conversational Queries
gemstone for may born,1200,45,Medium KD (26-45%),Google Search Console Conversational Queries
may gemini birthstone color,1200,12,Low KD (<25%),Google Search Console Conversational Queries
platinum vs silver,4935,12,Low KD (<25%),Google Search Console Conversational Queries
silver platinum,3185,45,Medium KD (26-45%),Google Search Console Conversational Queries
platinum silver,3115,45,Medium KD (26-45%),Google Search Console Conversational Queries
platinum vs sterling silver,2275,12,Low KD (<25%),Google Search Console Conversational Queries
what is platinum,1925,45,Medium KD (26-45%),Google Search Console Conversational Queries
silver vs platinum,1715,12,Low KD (<25%),Google Search Console Conversational Queries
sterling silver vs platinum,1260,12,Low KD (<25%),Google Search Console Conversational Queries
silver and platinum,1200,12,Low KD (<25%),Google Search Console Conversational Queries
platinum and silver,1200,12,Low KD (<25%),Google Search Console Conversational Queries
difference between platinum and silver,1200,12,Low KD (<25%),Google Search Console Conversational Queries
which metal is known as white gold,1200,12,Low KD (<25%),Google Search Console Conversational Queries
white gold or platinum,1200,45,Medium KD (26-45%),Google Search Console Conversational Queries
rose gold vs yellow gold,18270,12,Low KD (<25%),Google Search Console Conversational Queries
yellow gold vs rose gold,4900,12,Low KD (<25%),Google Search Console Conversational Queries
difference between rose gold and yellow gold,3710,12,Low KD (<25%),Google Search Console Conversational Queries
rose gold vs yellow gold skin tone,2660,29,Medium KD (26-45%),Google Search Console Conversational Queries
rose gold and yellow gold difference,1200,12,Low KD (<25%),Google Search Console Conversational Queries
rose gold or yellow gold,1200,12,Low KD (<25%),Google Search Console Conversational Queries
yellow gold vs gold,1200,12,Low KD (<25%),Google Search Console Conversational Queries
yellow gold or rose gold,1200,12,Low KD (<25%),Google Search Console Conversational Queries
what is the difference between rose gold and yellow gold,1200,12,Low KD (<25%),Google Search Console Conversational Queries
rose or yellow gold,1200,12,Low KD (<25%),Google Search Console Conversational Queries
what are statement earrings,1200,45,Medium KD (26-45%),Google Search Console Conversational Queries
statement earrings meaning,1200,31,Medium KD (26-45%),Google Search Console Conversational Queries
what is statement earrings,1200,45,Medium KD (26-45%),Google Search Console Conversational Queries
916 hallmark,42350,12,Low KD (<25%),Google Search Console Conversational Queries
what is 916 gold,9310,45,Medium KD (26-45%),Google Search Console Conversational Queries
91.6 hallmark,6790,12,Low KD (<25%),Google Search Console Conversational Queries
916 gold,2485,12,Low KD (<25%),Google Search Console Conversational Queries
916 gold means,2135,12,Low KD (<25%),Google Search Console Conversational Queries
hallmark 916,1820,12,Low KD (<25%),Google Search Console Conversational Queries
916 gold meaning,1610,31,Medium KD (26-45%),Google Search Console Conversational Queries
916 gold carat,1200,45,Medium KD (26-45%),Google Search Console Conversational Queries
diamond 2,1200,45,Medium KD (26-45%),Google Search Console Conversational Queries
types of diamonds names,1200,12,Low KD (<25%),Google Search Console Conversational Queries
vvs diamonds,1200,12,Low KD (<25%),Google Search Console Conversational Queries
vvs clarity diamond,1200,17,Low KD (<25%),Google Search Console Conversational Queries
vvs diamond,1200,12,Low KD (<25%),Google Search Console Conversational Queries
korean earrings,1200,45,Medium KD (26-45%),Google Search Console Conversational Queries
asymmetrical earrings korean,1200,18,Low KD (<25%),Google Search Console Conversational Queries
earrings for different face shapes,1200,45,Medium KD (26-45%),Google Search Console Conversational Queries
earrings for oval face,1200,45,Medium KD (26-45%),Google Search Console Conversational Queries
hallmarked,1200,24,Low KD (<25%),Google Search Console Conversational Queries
bis hallmark,1200,45,Medium KD (26-45%),Google Search Console Conversational Queries
bis 916 hallmark logo,1200,12,Low KD (<25%),Google Search Console Conversational Queries
916 bis hallmark logo,1200,12,Low KD (<25%),Google Search Console Conversational Queries
916 gold hallmark symbol,1200,45,Medium KD (26-45%),Google Search Console Conversational Queries
gold hallmark logo,1200,12,Low KD (<25%),Google Search Console Conversational Queries
what is hallmark,1200,45,Medium KD (26-45%),Google Search Console Conversational Queries
jewellery hallmark logo,1200,12,Low KD (<25%),Google Search Console Conversational Queries
